"Date","Price","Open","High","Low","Vol.","Change %"
"11/03/2025","1,013.40","1,082.91","1,087.10","1,009.20","43.50M","-6.45%"
"11/02/2025","1,083.30","1,094.50","1,094.89","1,071.80","8.40M","-1.05%"
"11/01/2025","1,094.80","1,088.71","1,096.80","1,081.90","9.53M","0.56%"
"10/31/2025","1,088.71","1,079.10","1,105.00","1,072.84","24.33M","0.90%"
"10/30/2025","1,079.00","1,107.11","1,129.31","1,043.82","24.49M","-2.54%"
"10/29/2025","1,107.11","1,103.20","1,120.91","1,084.11","20.09M","0.33%"
"10/28/2025","1,103.50","1,138.70","1,149.10","1,078.81","20.74M","-3.09%"
"10/27/2025","1,138.70","1,138.10","1,179.07","1,132.10","26.04M","0.10%"
"10/26/2025","1,137.51","1,116.40","1,142.79","1,114.60","12.25M","1.89%"
"10/25/2025","1,116.40","1,109.10","1,120.80","1,101.20","18.07M","0.65%"
"10/24/2025","1,109.20","1,126.70","1,143.89","1,097.80","23.51M","-1.54%"
"10/23/2025","1,126.60","1,071.80","1,158.79","1,071.80","49.33M","5.11%"
"10/22/2025","1,071.80","1,056.90","1,083.88","1,053.50","21.99M","1.41%"
"10/21/2025","1,056.90","1,100.12","1,114.00","1,052.31","31.33M","-3.95%"
"10/20/2025","1,100.41","1,110.00","1,142.98","1,088.20","17.08M","-0.86%"
"10/19/2025","1,110.00","1,092.40","1,132.80","1,068.20","17.33M","1.62%"
"10/18/2025","1,092.30","1,071.39","1,130.20","1,069.52","22.04M","1.95%"
"10/17/2025","1,071.40","1,145.09","1,156.06","1,021.98","40.70M","-6.44%"
"10/16/2025","1,145.10","1,162.60","1,194.60","1,122.83","33.60M","-1.50%"
"10/15/2025","1,162.60","1,207.72","1,222.20","1,149.49","35.48M","-3.74%"
"10/14/2025","1,207.71","1,293.81","1,318.18","1,143.42","55.80M","-6.65%"
"10/13/2025","1,293.80","1,302.70","1,373.40","1,253.51","78.05M","-0.68%"
"10/12/2025","1,302.70","1,134.81","1,319.50","1,107.90","78.43M","14.80%"
"10/11/2025","1,134.79","1,102.78","1,182.10","1,076.49","52.75M","2.90%"
"10/10/2025","1,102.80","1,255.21","1,278.10","881.06","71.04M","-12.14%"
"10/09/2025","1,255.20","1,307.67","1,318.90","1,224.90","49.89M","-3.97%"
"10/08/2025","1,307.11","1,304.40","1,334.00","1,264.83","46.28M","0.21%"
"10/07/2025","1,304.40","1,223.78","1,340.93","1,205.01","72.74M","6.59%"
"10/06/2025","1,223.80","1,166.91","1,238.79","1,161.71","31.09M","4.88%"
"10/05/2025","1,166.90","1,150.70","1,188.61","1,143.50","17.60M","1.41%"
"10/04/2025","1,150.70","1,189.30","1,189.30","1,136.80","19.75M","-3.25%"
"10/03/2025","1,189.40","1,090.20","1,192.10","1,083.91","36.19M","9.10%"
"10/02/2025","1,090.21","1,026.50","1,098.48","1,022.70","17.87M","6.31%"
"10/01/2025","1,025.50","1,008.60","1,035.90","1,003.30","12.12M","1.68%"
"09/30/2025","1,008.60","1,029.90","1,033.50","993.20","13.61M","-2.12%"
"09/29/2025","1,030.40","993.20","1,035.61","991.21","13.41M","3.75%"
"09/28/2025","993.20","968.60","993.40","962.91","8.86M","2.54%"
"09/27/2025","968.60","960.89","984.69","956.10","11.28M","0.85%"
"09/26/2025","960.40","945.89","966.01","932.40","16.84M","1.60%"
"09/25/2025","945.30","1,018.90","1,019.59","940.29","28.92M","-7.22%"
"09/24/2025","1,018.90","1,016.00","1,034.40","991.94","19.78M","0.28%"
"09/23/2025","1,016.10","992.80","1,027.16","962.79","22.23M","2.35%"
"09/22/2025","992.80","1,047.90","1,050.30","977.00","27.97M","-5.25%"
"09/21/2025","1,047.80","1,043.71","1,081.79","1,039.62","24.49M","0.37%"
"09/20/2025","1,043.90","984.10","1,043.90","983.10","16.00M","6.08%"
"09/19/2025","984.10","981.00","1,002.83","974.42","12.06M","0.32%"
"09/18/2025","981.00","989.80","1,006.30","979.71","14.51M","-0.94%"
"09/17/2025","990.29","955.91","995.00","946.20","16.61M","3.53%"
"09/16/2025","956.49","919.80","959.09","916.70","9.76M","3.99%"
"09/15/2025","919.80","926.40","935.40","910.80","9.01M","-0.72%"
"09/14/2025","926.50","933.80","944.61","922.80","7.61M","-0.78%"
"09/13/2025","933.80","924.90","943.79","922.31","11.43M","0.96%"
"09/12/2025","924.90","902.70","929.51","901.70","9.43M","2.46%"
"09/11/2025","902.70","893.69","903.99","888.71","12.88M","1.01%"
"09/10/2025","893.70","879.90","907.19","877.00","13.68M","1.57%"
"09/09/2025","879.90","878.80","884.90","871.60","5.59M","0.23%"
"09/08/2025","877.91","880.40","885.60","870.11","5.99M","-0.23%"
"09/07/2025","879.90","862.30","883.70","860.70","5.14M","2.21%"
"09/06/2025","860.90","849.80","864.70","849.50","4.47M","1.26%"
"09/05/2025","850.20","843.60","857.51","842.70","3.70M","0.77%"
"09/04/2025","843.70","854.70","856.80","841.10","6.06M","-1.29%"
"09/03/2025","854.70","851.90","864.00","848.90","3.90M","0.34%"
"09/02/2025","851.80","845.79","856.60","840.70","5.32M","0.71%"
"09/01/2025","845.79","857.60","867.30","840.00","7.60M","-1.38%"
"08/31/2025","857.60","861.90","867.60","857.00","3.45M","-0.50%"
"08/30/2025","861.90","862.20","863.80","851.70","3.27M","-0.05%"
"08/29/2025","862.30","873.51","878.00","850.50","8.44M","-1.28%"
"08/28/2025","873.51","855.50","880.98","851.32","8.29M","2.12%"
"08/27/2025","855.41","863.80","867.10","853.29","4.91M","-0.96%"
"08/26/2025","863.70","839.30","867.90","830.35","7.84M","2.92%"
"08/25/2025","839.20","876.50","880.70","833.69","13.76M","-4.25%"
"08/24/2025","876.50","880.50","886.60","860.00","10.86M","-0.47%"
"08/23/2025","880.60","900.20","900.20","875.90","9.90M","-2.14%"
"08/22/2025","899.81","839.30","900.49","839.20","11.91M","7.21%"
"08/21/2025","839.30","869.00","883.90","833.70","9.08M","-3.43%"
"08/20/2025","869.10","824.00","880.88","818.70","12.77M","5.50%"
"08/19/2025","823.81","846.60","851.80","823.10","7.23M","-2.69%"
"08/18/2025","846.60","855.20","858.50","825.30","9.83M","-0.99%"
"08/17/2025","855.11","838.60","863.79","838.20","5.44M","1.97%"
"08/16/2025","838.60","827.80","839.20","825.30","3.73M","1.29%"
"08/15/2025","827.90","840.49","853.50","812.90","7.32M","-1.49%"
"08/14/2025","840.40","848.00","869.29","821.97","20.68M","-0.90%"
"08/13/2025","848.00","832.50","858.90","828.40","17.26M","1.85%"
"08/12/2025","832.60","805.10","839.80","797.90","13.88M","3.42%"
"08/11/2025","805.10","806.90","827.20","792.60","20.84M","-0.22%"
"08/10/2025","806.90","798.80","815.40","793.70","12.18M","1.03%"
"08/09/2025","798.70","793.50","819.00","792.80","16.91M","0.67%"
"08/08/2025","793.40","788.90","798.30","781.10","31.97M","0.58%"
"08/07/2025","788.80","769.70","788.80","764.70","15.75M","2.48%"
"08/06/2025","769.70","755.01","774.90","746.50","9.53M","1.93%"
"08/05/2025","755.10","768.50","769.60","745.52","9.07M","-1.74%"
"08/04/2025","768.50","751.40","769.50","750.40","13.29M","2.28%"
"08/03/2025","751.40","736.70","755.30","730.20","9.17M","2.00%"
"08/02/2025","736.70","757.20","770.20","732.50","15.25M","-2.71%"
"08/01/2025","757.20","783.20","795.40","745.40","25.74M","-3.32%"
"07/31/2025","783.20","793.40","813.30","781.60","22.92M","-1.29%"
"07/30/2025","793.40","805.10","811.49","766.81","29.63M","-1.49%"
"07/29/2025","805.40","824.00","834.80","800.30","30.18M","-2.26%"
"07/28/2025","824.00","843.60","860.70","820.91","31.67M","-2.32%"
"07/27/2025","843.59","793.00","846.89","791.20","20.65M","6.38%"
"07/26/2025","793.00","785.40","797.90","778.40","10.21M","0.97%"
"07/25/2025","785.40","770.30","785.70","752.40","28.34M","1.96%"
"07/24/2025","770.30","776.70","785.99","743.00","34.15M","-0.87%"
"07/23/2025","777.10","787.50","809.60","752.88","53.40M","-1.26%"
"07/22/2025","787.00","766.70","788.19","745.20","39.96M","2.73%"
"07/21/2025","766.10","756.80","781.80","746.30","27.69M","1.19%"
"07/20/2025","757.10","733.10","760.70","731.50","19.80M","3.29%"
"07/19/2025","733.00","729.89","742.20","719.20","14.40M","0.38%"
"07/18/2025","730.20","720.89","765.09","719.00","32.98M","1.32%"
"07/17/2025","720.70","708.80","727.70","707.30","28.70M","1.78%"
"07/16/2025","708.10","689.80","715.40","685.30","14.99M","2.64%"
"07/15/2025","689.90","688.70","693.00","675.31","12.05M","0.12%"
"07/14/2025","689.10","691.90","707.30","686.20","12.59M","-0.40%"
"07/13/2025","691.90","685.70","694.00","685.10","7.70M","0.90%"
"07/12/2025","685.70","690.00","696.90","679.61","8.60M","-0.61%"
"07/11/2025","689.90","685.50","697.20","682.80","14.24M","0.61%"
"07/10/2025","685.70","669.10","687.70","667.10","11.02M","2.54%"
"07/09/2025","668.70","660.70","671.30","659.20","11.03M","1.23%"
"07/08/2025","660.60","661.10","662.50","657.40","5.38M","-0.06%"
"07/07/2025","661.00","663.10","663.20","656.80","6.50M","-0.30%"
"07/06/2025","663.00","656.10","664.90","653.50","5.31M","1.07%"
"07/05/2025","656.00","653.50","656.70","651.90","4.61M","0.38%"
"07/04/2025","653.50","663.90","664.10","650.20","7.00M","-1.51%"
"07/03/2025","663.50","659.90","664.40","656.70","7.19M","0.59%"
"07/02/2025","659.60","646.40","664.80","643.92","5.62M","2.07%"
"07/01/2025","646.20","657.20","659.39","644.00","4.03M","-1.63%"
"06/30/2025","656.90","655.10","660.09","651.40","4.79M","0.34%"
"06/29/2025","654.70","648.50","655.90","646.90","4.61M","0.97%"
"06/28/2025","648.40","645.50","649.10","644.30","3.09M","0.40%"
"06/27/2025","645.80","642.20","648.10","639.30","3.87M","0.53%"
"06/26/2025","642.40","646.00","649.90","641.20","6.87M","-0.53%"
"06/25/2025","645.80","643.50","652.38","641.90","12.46M","0.36%"
"06/24/2025","643.50","640.80","644.10","636.10","6.33M","0.48%"
"06/23/2025","640.40","615.90","642.60","615.00","12.52M","3.98%"
"06/22/2025","615.90","629.00","635.30","601.21","19.42M","-2.08%"
"06/21/2025","629.00","641.60","644.90","622.10","8.60M","-1.96%"
"06/20/2025","641.60","644.70","649.70","638.10","7.82M","-0.47%"
"06/19/2025","644.60","644.70","646.40","638.50","5.46M","0.00%"
"06/18/2025","644.60","647.90","653.90","637.50","8.75M","-0.51%"
"06/17/2025","647.90","650.10","658.80","640.20","10.06M","-0.38%"
"06/16/2025","650.40","648.10","659.30","646.20","8.44M","0.35%"
"06/15/2025","648.10","645.50","651.70","642.70","5.37M","0.40%"
"06/14/2025","645.50","655.30","655.30","638.90","7.35M","-1.50%"
"06/13/2025","655.30","654.10","659.40","639.21","15.34M","0.08%"
"06/12/2025","654.81","667.40","669.89","651.90","13.51M","-1.89%"
"06/11/2025","667.40","673.30","674.10","662.41","13.55M","-0.91%"
"06/10/2025","673.50","665.60","673.80","657.20","11.21M","1.19%"
"06/09/2025","665.60","651.90","667.80","648.00","8.78M","2.10%"
"06/08/2025","651.90","650.80","656.10","646.40","5.74M","0.18%"
"06/07/2025","650.70","643.19","653.80","640.00","7.48M","1.26%"
"06/06/2025","642.60","633.40","651.10","629.41","11.16M","1.45%"
"06/05/2025","633.40","663.30","670.80","625.80","17.36M","-4.49%"
"06/04/2025","663.20","661.50","671.60","660.70","12.73M","0.27%"
"06/03/2025","661.40","665.70","673.20","657.30","13.99M","-0.65%"
"06/02/2025","665.70","660.70","666.80","649.70","13.80M","0.76%"
"06/01/2025","660.70","657.90","662.40","647.30","11.60M","0.43%"
"05/31/2025","657.90","655.20","661.20","645.50","14.54M","0.47%"
"05/30/2025","654.80","675.10","678.30","653.20","24.74M","-3.01%"
"05/29/2025","675.10","687.00","691.00","673.10","21.67M","-1.69%"
"05/28/2025","686.70","687.00","689.30","680.00","20.63M","-0.03%"
"05/27/2025","686.90","674.20","697.21","666.41","19.58M","1.88%"
"05/26/2025","674.20","669.10","677.50","668.00","12.49M","0.76%"
"05/25/2025","669.10","667.90","671.40","657.40","15.67M","0.18%"
"05/24/2025","667.90","656.60","676.80","655.30","11.92M","1.72%"
"05/23/2025","656.60","686.31","691.30","653.80","23.89M","-4.33%"
"05/22/2025","686.30","673.49","688.91","673.20","20.77M","1.95%"
"05/21/2025","673.20","650.10","677.89","648.70","15.74M","3.55%"
"05/20/2025","650.10","649.60","653.70","640.40","8.28M","0.11%"
"05/19/2025","649.40","650.91","653.20","633.70","10.10M","-0.34%"
"05/18/2025","651.60","639.50","655.00","634.40","8.84M","1.92%"
"05/17/2025","639.30","646.20","646.70","634.71","7.52M","-1.11%"
"05/16/2025","646.50","651.61","659.70","643.71","9.69M","-0.78%"
"05/15/2025","651.60","652.20","660.89","642.30","11.34M","-0.11%"
"05/14/2025","652.30","664.59","666.10","647.20","10.39M","-1.79%"
"05/13/2025","664.20","660.00","671.01","640.81","10.71M","0.64%"
"05/12/2025","660.00","650.70","692.31","647.61","21.63M","1.40%"
"05/11/2025","650.91","662.60","668.49","648.11","12.16M","-1.96%"
"05/10/2025","663.90","666.61","678.00","648.90","18.71M","-0.39%"
"05/09/2025","666.51","629.30","669.71","623.60","20.19M","5.91%"
"05/08/2025","629.30","602.41","629.30","600.70","15.07M","4.43%"
"05/07/2025","602.60","602.50","609.00","597.80","10.91M","0.00%"
"05/06/2025","602.60","597.41","603.20","593.30","7.48M","0.87%"
"05/05/2025","597.41","585.81","599.90","583.70","6.16M","1.98%"
"05/04/2025","585.81","599.20","600.40","584.70","3.94M","-2.23%"
"05/03/2025","599.20","600.80","601.30","595.40","4.44M","-0.27%"
"05/02/2025","600.80","599.60","603.60","595.50","5.75M","0.20%"
"05/01/2025","599.60","599.71","605.39","598.20","4.81M","-0.02%"
"04/30/2025","599.71","600.90","604.59","591.71","6.09M","-0.20%"
"04/29/2025","600.91","606.50","610.60","598.01","7.19M","-0.86%"
"04/28/2025","606.10","603.40","608.10","598.21","5.68M","0.42%"
"04/27/2025","603.60","607.50","608.60","597.30","4.67M","-0.63%"
"04/26/2025","607.40","600.39","609.10","599.40","5.06M","1.20%"
"04/25/2025","600.20","601.30","610.11","597.20","7.64M","-0.23%"
"04/24/2025","601.60","605.90","606.90","592.91","8.46M","-0.66%"
"04/23/2025","605.60","618.50","619.90","601.40","12.35M","-2.09%"
"04/22/2025","618.50","597.40","619.80","595.01","9.71M","3.53%"
"04/21/2025","597.40","592.70","608.59","592.40","7.83M","0.81%"
"04/20/2025","592.60","591.60","595.79","587.60","9.52M","0.17%"
"04/19/2025","591.60","591.60","594.40","588.01","2.98M","-0.03%"
"04/18/2025","591.80","590.40","595.81","587.40","5.11M","0.24%"
"04/17/2025","590.40","582.70","593.00","580.90","5.29M","1.32%"
"04/16/2025","582.70","579.50","585.81","576.10","6.03M","0.55%"
"04/15/2025","579.50","584.60","590.80","579.30","5.62M","-0.84%"
"04/14/2025","584.40","584.10","593.00","583.10","6.47M","0.07%"
"04/13/2025","584.00","597.30","598.21","580.51","5.65M","-2.23%"
"04/12/2025","597.30","585.90","600.30","583.81","8.39M","1.93%"
"04/11/2025","586.00","578.00","590.20","575.80","5.65M","1.37%"
"04/10/2025","578.10","582.60","582.60","566.30","12.26M","-0.77%"
"04/09/2025","582.60","553.60","585.80","534.41","32.46M","5.24%"
"04/08/2025","553.60","554.50","565.60","547.71","10.45M","-0.16%"
"04/07/2025","554.50","555.60","567.09","521.82","54.82M","-0.20%"
"04/06/2025","555.60","593.59","593.80","544.71","10.65M","-6.40%"
"04/05/2025","593.59","597.60","598.90","589.79","3.61M","-0.67%"
"04/04/2025","597.60","592.79","600.00","585.10","9.88M","0.83%"
"04/03/2025","592.70","590.00","610.00","578.50","18.40M","0.47%"
"04/02/2025","589.91","611.11","611.60","584.71","23.95M","-3.44%"
"04/01/2025","610.91","604.80","618.50","604.50","15.86M","1.01%"
"03/31/2025","604.80","602.01","608.80","587.40","9.74M","0.46%"
"03/30/2025","602.00","602.81","613.20","593.70","5.79M","-0.13%"
"03/29/2025","602.80","619.60","623.70","597.30","9.80M","-2.71%"
"03/28/2025","619.60","637.01","637.20","615.90","16.68M","-2.73%"
"03/27/2025","637.01","617.90","642.40","617.10","37.89M","3.11%"
"03/26/2025","617.80","629.90","634.00","615.40","10.46M","-1.92%"
"03/25/2025","629.90","636.90","644.90","627.10","19.73M","-1.13%"
"03/24/2025","637.10","623.50","639.39","618.50","13.62M","2.20%"
"03/23/2025","623.40","627.20","629.30","619.60","10.32M","-0.59%"
"03/22/2025","627.10","635.50","636.20","623.80","11.72M","-1.29%"
"03/21/2025","635.30","630.70","637.99","625.42","18.31M","0.71%"
"03/20/2025","630.80","618.60","637.70","616.60","25.96M","1.97%"
"03/19/2025","618.60","628.10","628.10","604.70","24.67M","-1.50%"
"03/18/2025","628.00","631.30","643.09","621.60","26.67M","-0.57%"
"03/17/2025","631.60","602.40","643.10","602.40","22.36M","4.87%"
"03/16/2025","602.30","619.50","622.70","593.20","11.65M","-2.82%"
"03/15/2025","619.80","588.10","619.90","588.00","10.97M","5.55%"
"03/14/2025","587.22","579.19","589.60","577.09","6.65M","1.28%"
"03/13/2025","579.80","569.59","605.79","568.01","21.35M","1.74%"
"03/12/2025","569.90","551.90","574.80","544.60","11.53M","3.30%"
"03/11/2025","551.70","531.11","565.90","508.02","20.30M","3.88%"
"03/10/2025","531.10","554.12","572.68","523.20","9.64M","-4.15%"
"03/09/2025","554.12","593.29","593.29","550.21","7.05M","-6.60%"
"03/08/2025","593.29","594.60","602.30","590.30","4.25M","-0.22%"
"03/07/2025","594.61","596.40","610.09","577.90","7.85M","-0.32%"
"03/06/2025","596.50","598.20","612.32","589.40","6.16M","-0.28%"
"03/05/2025","598.20","583.70","605.71","580.70","5.09M","2.45%"
"03/04/2025","583.90","574.38","588.29","548.23","16.96M","1.37%"
"03/03/2025","576.02","623.09","623.56","567.72","522.39K","-7.67%"
"03/02/2025","623.90","607.92","634.48","601.88","495.13K","2.63%"
"03/01/2025","607.92","588.01","609.44","586.43","307.14K","3.39%"
"02/28/2025","587.97","605.43","606.27","560.20","629.03K","-2.90%"
"02/27/2025","605.51","611.52","619.48","596.15","312.23K","-0.99%"
"02/26/2025","611.54","623.46","632.07","595.19","445.87K","-1.91%"
"02/25/2025","623.46","615.94","628.15","587.63","691.52K","1.55%"
"02/24/2025","613.93","658.71","659.29","611.31","384.03K","-6.70%"
"02/23/2025","658.04","669.06","671.09","648.73","179.21K","-1.56%"
"02/22/2025","668.49","646.14","679.40","645.24","319.29K","3.29%"
"02/21/2025","647.20","656.47","668.01","635.19","339.08K","-1.39%"
"02/20/2025","656.29","650.93","658.95","646.17","238.72K","0.39%"
"02/19/2025","653.71","647.76","662.44","637.90","378.66K","0.85%"
"02/18/2025","648.18","667.43","668.15","630.09","396.60K","-2.88%"
"02/17/2025","667.43","673.24","681.83","658.41","345.97K","-0.86%"
"02/16/2025","673.24","662.19","685.57","653.64","385.57K","1.64%"
"02/15/2025","662.39","659.78","670.90","653.56","277.80K","0.40%"
"02/14/2025","659.78","664.72","684.74","652.15","700.50K","-0.74%"
"02/13/2025","664.72","696.94","730.87","659.67","1.89M","-4.62%"
"02/12/2025","696.94","642.53","705.25","627.33","856.97K","8.47%"
"02/11/2025","642.53","618.47","646.63","615.12","511.37K","3.89%"
"02/10/2025","618.47","615.95","621.95","596.58","389.78K","0.41%"
"02/09/2025","615.96","612.30","648.07","602.76","835.77K","0.60%"
"02/08/2025","612.30","577.85","633.58","573.63","514.55K","5.96%"
"02/07/2025","577.85","572.04","589.62","570.81","232.09K","1.02%"
"02/06/2025","572.04","569.21","589.35","568.89","347.84K","0.50%"
"02/05/2025","569.21","572.72","579.35","561.74","235.71K","-0.61%"
"02/04/2025","572.72","617.25","619.12","558.33","570.36K","-7.21%"
"02/03/2025","617.25","617.48","618.81","512.62","1.43M","-0.04%"
"02/02/2025","617.48","652.95","662.96","601.72","527.57K","-5.51%"
"02/01/2025","653.49","677.48","681.52","650.80","183.10K","-3.54%"
"01/31/2025","677.48","677.61","689.35","673.63","196.42K","0.01%"
"01/30/2025","677.43","667.78","682.66","666.08","150.54K","1.45%"
"01/29/2025","667.78","661.41","679.37","659.55","263.24K","0.96%"
"01/28/2025","661.41","679.76","682.85","659.66","210.18K","-2.67%"
"01/27/2025","679.53","667.56","680.51","640.08","507.83K","1.79%"
"01/26/2025","667.56","686.33","690.73","665.10","202.40K","-2.73%"
"01/25/2025","686.33","680.59","689.56","678.04","149.90K","0.84%"
"01/24/2025","680.59","690.18","691.23","678.86","291.48K","-1.39%"
"01/23/2025","690.18","695.20","697.56","680.40","345.13K","-0.72%"
"01/22/2025","695.20","692.21","703.96","690.14","228.73K","0.43%"
"01/21/2025","692.21","682.10","697.01","675.04","313.51K","1.48%"
"01/20/2025","682.10","683.75","709.18","672.14","715.04K","-0.24%"
"01/19/2025","683.75","709.87","714.56","676.57","747.51K","-3.68%"
"01/18/2025","709.88","721.48","723.04","695.24","385.07K","-1.61%"
"01/17/2025","721.48","708.17","729.77","708.17","298.40K","1.89%"
"01/16/2025","708.08","714.60","717.35","700.68","278.86K","-0.91%"
"01/15/2025","714.60","698.89","714.71","688.86","293.56K","2.25%"
"01/14/2025","698.89","688.58","699.96","686.31","166.11K","1.50%"
"01/13/2025","688.58","693.35","699.99","660.08","405.15K","-0.69%"
"01/12/2025","693.35","696.70","698.48","690.01","81.82K","-0.48%"
"01/11/2025","696.71","693.21","701.40","690.52","91.74K","0.50%"
"01/10/2025","693.21","685.31","700.58","683.31","245.19K","1.15%"
"01/09/2025","685.31","696.04","701.67","675.46","342.79K","-1.54%"
"01/08/2025","696.04","697.98","707.23","675.41","452.79K","-0.28%"
"01/07/2025","697.98","729.50","733.25","691.23","459.86K","-4.32%"
"01/06/2025","729.50","709.11","745.10","706.02","369.80K","2.87%"
"01/05/2025","709.11","713.42","713.91","702.91","120.72K","-0.62%"
"01/04/2025","713.50","714.59","721.71","708.48","174.94K","-0.15%"
"01/03/2025","714.59","706.26","715.67","697.58","300.21K","1.18%"
"01/02/2025","706.26","708.02","715.63","698.50","303.05K","-0.25%"
"01/01/2025","708.02","702.39","710.87","700.32","143.02K","0.80%"
"12/31/2024","702.39","705.36","714.75","698.62","244.32K","-0.42%"
"12/30/2024","705.36","694.71","712.17","687.96","312.01K","1.53%"
"12/29/2024","694.71","722.28","724.12","690.57","252.03K","-3.82%"
"12/28/2024","722.28","691.84","731.04","691.58","358.39K","4.41%"
"12/27/2024","691.79","689.55","710.85","685.88","360.78K","0.32%"
"12/26/2024","689.55","702.64","719.49","683.06","399.28K","-1.86%"
"12/25/2024","702.64","696.76","713.13","695.99","246.44K","0.84%"
"12/24/2024","696.76","694.04","698.90","682.89","404.02K","0.39%"
"12/23/2024","694.04","649.89","698.19","638.30","629.32K","6.79%"
"12/22/2024","649.89","663.12","669.59","639.79","346.83K","-1.99%"
"12/21/2024","663.12","678.67","692.94","652.54","549.77K","-2.29%"
"12/20/2024","678.67","665.42","679.90","619.23","1.06M","1.99%"
"12/19/2024","665.43","687.39","704.85","650.03","899.95K","-3.19%"
"12/18/2024","687.39","717.52","721.99","683.67","773.93K","-4.20%"
"12/17/2024","717.52","720.45","736.53","712.82","531.75K","-0.41%"
"12/16/2024","720.45","718.61","729.99","704.37","515.07K","0.26%"
"12/15/2024","718.61","715.89","723.94","702.95","297.32K","0.38%"
"12/14/2024","715.89","725.74","731.91","705.32","359.82K","-1.37%"
"12/13/2024","725.86","705.71","729.76","697.71","574.09K","2.85%"
"12/12/2024","705.71","711.41","725.56","699.38","609.49K","-0.80%"
"12/11/2024","711.41","676.92","712.46","658.72","556.73K","5.10%"
"12/10/2024","676.92","689.21","704.59","650.00","1.07M","-1.90%"
"12/09/2024","690.02","741.84","742.14","651.30","1.12M","-6.99%"
"12/08/2024","741.84","749.46","757.14","728.07","355.44K","-1.02%"
"12/07/2024","749.46","730.44","760.48","729.86","463.19K","2.60%"
"12/06/2024","730.44","717.32","745.52","705.63","781.27K","1.83%"
"12/05/2024","717.32","739.23","739.23","693.03","1.24M","-2.96%"
"12/04/2024","739.23","735.07","793.20","721.53","2.21M","0.57%"
"12/03/2024","735.07","647.77","746.05","624.66","1.63M","13.48%"
"12/02/2024","647.77","656.03","666.93","629.08","802.12K","-1.26%"
"12/01/2024","656.03","653.72","664.10","645.75","446.33K","0.35%"
"11/30/2024","653.72","654.69","676.80","648.44","565.60K","-0.15%"
"11/29/2024","654.69","654.01","663.61","648.73","442.57K","0.11%"
"11/28/2024","654.00","644.25","662.84","640.72","708.17K","1.49%"
"11/27/2024","644.43","613.70","646.41","608.36","650.79K","5.01%"
"11/26/2024","613.70","635.81","645.39","600.68","845.08K","-3.48%"
"11/25/2024","635.81","659.80","674.66","627.39","820.89K","-3.64%"
"11/24/2024","659.80","650.79","687.26","637.54","949.96K","1.38%"
"11/23/2024","650.79","633.00","678.88","631.32","1.12M","2.81%"
"11/22/2024","633.00","622.02","639.21","615.32","600.57K","1.76%"
"11/21/2024","622.02","605.39","629.31","593.40","666.06K","2.68%"
"11/20/2024","605.79","615.26","620.43","600.01","424.09K","-1.54%"
"11/19/2024","615.26","618.90","621.30","605.23","435.27K","-0.59%"
"11/18/2024","618.90","618.74","629.83","612.21","500.65K","0.03%"
"11/17/2024","618.74","622.46","646.91","605.56","615.18K","-0.60%"
"11/16/2024","622.46","619.11","633.53","617.57","462.16K","0.54%"
"11/15/2024","619.11","621.85","628.29","603.72","678.16K","-0.44%"
"11/14/2024","621.85","620.65","659.80","611.48","1.13M","0.19%"
"11/13/2024","620.65","625.31","638.04","599.44","1.08M","-0.71%"
"11/12/2024","625.08","660.15","666.66","612.86","1.26M","-5.31%"
"11/11/2024","660.15","627.46","664.60","613.04","1.06M","5.21%"
"11/10/2024","627.46","624.66","644.06","612.68","854.12K","0.48%"
"11/09/2024","624.48","597.81","637.97","597.51","794.09K","4.46%"
"11/08/2024","597.81","598.22","605.70","588.15","330.61K","-0.07%"
"11/07/2024","598.20","591.99","611.04","587.49","397.45K","1.05%"
"11/06/2024","591.99","563.23","594.76","563.19","568.65K","5.11%"
"11/05/2024","563.23","552.51","572.14","551.41","217.86K","1.94%"
"11/04/2024","552.51","557.70","564.59","543.87","271.27K","-0.93%"
"11/03/2024","557.70","568.59","569.30","547.30","223.61K","-1.88%"
"11/02/2024","568.40","573.09","576.78","562.40","148.72K","-0.82%"
"11/01/2024","573.09","576.50","585.40","568.00","252.22K","-0.61%"
"10/31/2024","576.60","595.50","596.39","571.39","288.20K","-3.17%"
"10/30/2024","595.50","606.30","606.59","594.31","193.18K","-1.78%"
"10/29/2024","606.30","600.99","612.09","600.00","311.62K","0.88%"
"10/28/2024","600.99","589.20","604.20","585.59","196.20K","1.98%"
"10/27/2024","589.30","583.30","591.00","581.80","98.11K","0.99%"
"10/26/2024","583.49","575.29","587.00","571.99","124.96K","1.43%"
"10/25/2024","575.29","594.41","597.39","566.84","267.45K","-3.22%"
"10/24/2024","594.41","584.89","597.91","583.50","155.61K","1.62%"
"10/23/2024","584.91","593.70","594.29","573.20","241.46K","-1.50%"
"10/22/2024","593.79","598.69","600.09","587.11","216.77K","-0.82%"
"10/21/2024","598.69","605.81","611.40","591.89","294.15K","-1.18%"
"10/20/2024","605.81","597.71","607.19","593.50","129.11K","1.36%"
"10/19/2024","597.71","599.19","601.31","595.61","83.90K","-0.25%"
"10/18/2024","599.19","592.89","602.39","591.90","147.44K","1.06%"
"10/17/2024","592.89","600.98","606.01","585.50","203.85K","-1.35%"
"10/16/2024","600.98","594.67","605.39","589.89","276.61K","1.06%"
"10/15/2024","594.67","589.10","599.60","578.44","361.59K","0.95%"
"10/14/2024","589.10","572.30","592.19","569.80","263.99K","2.94%"
"10/13/2024","572.30","576.59","578.39","565.01","124.95K","-0.74%"
"10/12/2024","576.59","573.30","578.99","573.30","145.01K","0.58%"
"10/11/2024","573.30","563.58","577.21","560.29","193.67K","1.72%"
"10/10/2024","563.58","570.79","572.82","554.52","192.53K","-1.26%"
"10/09/2024","570.79","580.78","585.68","566.85","351.05K","-1.72%"
"10/08/2024","580.78","564.30","586.58","560.05","303.51K","2.92%"
"10/07/2024","564.30","570.49","581.66","564.01","226.12K","-1.09%"
"10/06/2024","570.49","563.38","571.69","561.39","111.11K","1.26%"
"10/05/2024","563.39","555.30","564.88","552.09","129.23K","1.46%"
"10/04/2024","555.30","544.79","557.60","542.01","191.84K","1.93%"
"10/03/2024","544.79","542.32","550.79","534.70","233.37K","0.46%"
"10/02/2024","542.32","547.49","558.09","535.61","301.18K","-0.95%"
"10/01/2024","547.49","567.50","582.99","537.46","504.96K","-3.53%"
"09/30/2024","567.51","595.62","595.72","563.92","335.52K","-4.72%"
"09/29/2024","595.62","601.12","602.61","592.51","168.85K","-0.91%"
"09/28/2024","601.12","606.90","617.86","595.21","277.11K","-0.95%"
"09/27/2024","606.90","596.40","614.22","596.10","371.70K","1.76%"
"09/26/2024","596.40","587.53","608.68","581.03","350.53K","1.51%"
"09/25/2024","587.53","605.91","608.00","584.43","233.05K","-3.03%"
"09/24/2024","605.91","604.70","613.30","599.23","273.45K","0.20%"
"09/23/2024","604.70","588.61","615.70","584.02","395.30K","2.74%"
"09/22/2024","588.57","588.51","593.88","576.68","215.12K","0.01%"
"09/21/2024","588.51","569.09","590.00","566.62","220.78K","3.43%"
"09/20/2024","569.00","566.43","576.99","559.12","273.17K","0.45%"
"09/19/2024","566.43","559.50","571.88","553.03","329.79K","1.26%"
"09/18/2024","559.37","546.10","559.37","536.90","218.14K","2.43%"
"09/17/2024","546.10","533.67","552.34","528.97","212.39K","2.33%"
"09/16/2024","533.67","553.49","555.10","527.27","290.78K","-3.58%"
"09/15/2024","553.49","553.40","561.80","552.10","214.01K","0.02%"
"09/14/2024","553.40","556.40","559.09","547.52","144.60K","-0.54%"
"09/13/2024","556.40","544.60","559.29","538.90","290.67K","2.17%"
"09/12/2024","544.60","530.20","548.43","530.11","294.59K","2.72%"
"09/11/2024","530.20","516.80","534.84","506.78","219.23K","2.59%"
"09/10/2024","516.80","518.70","523.97","513.40","173.18K","-0.36%"
"09/09/2024","518.67","502.90","525.48","501.90","217.15K","3.14%"
"09/08/2024","502.90","493.49","506.68","490.81","141.99K","1.91%"
"09/07/2024","493.49","487.08","499.28","483.21","150.45K","1.32%"
"09/06/2024","487.08","502.40","509.48","472.09","387.75K","-3.05%"
"09/05/2024","502.40","507.52","512.80","496.80","185.80K","-1.01%"
"09/04/2024","507.52","518.39","523.50","496.00","458.35K","-2.10%"
"09/03/2024","518.39","526.39","538.30","518.29","233.58K","-1.52%"
"09/02/2024","526.39","512.69","529.50","501.80","277.10K","2.67%"
"09/01/2024","512.69","532.90","533.09","508.11","216.20K","-3.79%"
"08/31/2024","532.90","535.19","541.39","531.19","103.53K","-0.43%"
"08/30/2024","535.21","536.51","543.19","522.65","210.69K","-0.24%"
"08/29/2024","536.51","536.61","545.38","531.79","177.62K","-0.02%"
"08/28/2024","536.60","533.21","546.64","523.02","295.43K","0.55%"
"08/27/2024","533.68","548.30","558.25","522.86","322.04K","-2.67%"
"08/26/2024","548.30","574.19","575.48","546.71","305.84K","-4.51%"
"08/25/2024","574.19","580.42","583.77","569.00","222.47K","-1.07%"
"08/24/2024","580.42","591.63","592.20","575.11","356.14K","-1.89%"
"08/23/2024","591.63","582.99","597.22","574.97","440.34K","1.48%"
"08/22/2024","582.99","570.09","589.81","560.40","396.08K","2.28%"
"08/21/2024","569.99","569.41","575.08","546.78","363.14K","0.10%"
"08/20/2024","569.41","558.60","574.78","558.40","449.93K","1.94%"
"08/19/2024","558.59","531.40","560.50","529.39","242.95K","5.12%"
"08/18/2024","531.40","541.70","542.59","530.90","151.82K","-1.90%"
"08/17/2024","541.70","519.60","547.47","518.41","203.92K","4.25%"
"08/16/2024","519.60","519.18","524.48","510.30","184.69K","0.06%"
"08/15/2024","519.27","523.49","533.70","510.89","242.78K","-0.80%"
"08/14/2024","523.49","524.17","531.36","516.36","238.17K","-0.15%"
"08/13/2024","524.26","518.53","525.85","513.70","294.21K","1.11%"
"08/12/2024","518.53","503.39","523.40","499.90","309.25K","3.03%"
"08/11/2024","503.29","523.10","535.31","502.88","216.43K","-3.79%"
"08/10/2024","523.10","508.80","525.18","507.40","130.50K","2.81%"
"08/09/2024","508.80","517.09","517.98","499.07","204.06K","-1.60%"
"08/08/2024","517.09","474.81","521.17","468.45","305.93K","8.90%"
"08/07/2024","474.81","484.73","497.44","468.19","345.20K","-2.05%"
"08/06/2024","484.73","464.26","492.70","464.08","495.24K","4.49%"
"08/05/2024","463.90","496.70","499.86","404.53","2.38M","-6.60%"
"08/04/2024","496.70","529.41","532.10","488.35","405.84K","-6.18%"
"08/03/2024","529.41","543.39","545.10","521.69","252.83K","-2.57%"
"08/02/2024","543.39","575.11","577.39","540.31","292.82K","-5.56%"
"08/01/2024","575.41","576.40","577.90","553.80","286.12K","-0.17%"
"07/31/2024","576.40","588.09","592.69","574.91","198.71K","-1.99%"
"07/30/2024","588.09","574.40","588.20","567.41","168.34K","2.38%"
"07/29/2024","574.40","583.90","597.10","572.62","218.69K","-1.63%"
"07/28/2024","583.90","581.59","584.80","574.90","94.24K","0.46%"
"07/27/2024","581.20","580.90","592.80","573.82","188.83K","0.05%"
"07/26/2024","580.90","570.70","582.70","570.30","159.27K","1.79%"
"07/25/2024","570.70","574.50","575.90","554.20","295.22K","-0.66%"
"07/24/2024","574.50","581.90","588.99","570.60","163.39K","-1.27%"
"07/23/2024","581.90","587.22","593.17","577.54","221.76K","-1.02%"
"07/22/2024","587.89","602.10","605.48","587.30","220.56K","-2.36%"
"07/21/2024","602.10","593.10","603.40","582.99","251.20K","1.52%"
"07/20/2024","593.10","593.49","597.90","586.70","149.82K","-0.07%"
"07/19/2024","593.49","571.99","598.10","565.51","347.85K","3.76%"
"07/18/2024","571.99","568.80","579.39","562.11","159.76K","0.56%"
"07/17/2024","568.80","576.09","583.89","564.62","202.92K","-1.27%"
"07/16/2024","576.09","585.12","587.19","555.51","357.42K","-1.62%"
"07/15/2024","585.61","544.70","586.47","544.01","344.35K","7.51%"
"07/14/2024","544.70","532.30","547.69","531.70","153.47K","2.33%"
"07/13/2024","532.30","533.80","539.10","527.50","167.40K","-0.28%"
"07/12/2024","533.80","524.90","537.49","517.50","214.53K","1.69%"
"07/11/2024","524.90","524.89","542.79","520.41","271.84K","0.00%"
"07/10/2024","524.89","516.80","529.30","511.61","211.73K","1.57%"
"07/09/2024","516.80","510.50","520.61","506.60","209.10K","1.23%"
"07/08/2024","510.50","490.39","523.09","471.60","605.85K","4.10%"
"07/07/2024","490.39","525.91","526.50","488.72","287.64K","-6.94%"
"07/06/2024","526.98","497.42","530.60","496.20","231.88K","5.94%"
"07/05/2024","497.42","513.38","515.58","456.33","1.05M","-3.11%"
"07/04/2024","513.38","556.69","558.00","511.99","530.57K","-7.78%"
"07/03/2024","556.69","579.99","580.90","550.71","297.23K","-4.02%"
"07/02/2024","579.99","576.91","581.79","574.20","149.13K","0.54%"
"07/01/2024","576.91","582.40","588.20","576.51","193.43K","-0.93%"
"06/30/2024","582.30","570.39","585.00","568.31","174.10K","2.09%"
"06/29/2024","570.39","567.30","573.90","567.00","103.76K","0.54%"
"06/28/2024","567.31","581.70","585.19","565.91","218.34K","-2.47%"
"06/27/2024","581.70","573.08","584.47","566.61","206.49K","1.50%"
"06/26/2024","573.08","578.20","584.49","567.51","163.03K","-0.88%"
"06/25/2024","578.20","568.02","579.48","566.71","185.31K","1.79%"
"06/24/2024","568.02","577.41","581.80","552.21","379.14K","-1.63%"
"06/23/2024","577.41","591.00","592.99","576.29","146.68K","-2.30%"
"06/22/2024","591.00","586.10","591.40","581.10","104.60K","0.84%"
"06/21/2024","586.10","587.67","589.09","578.02","199.63K","-0.27%"
"06/20/2024","587.67","599.31","607.87","584.89","306.10K","-1.94%"
"06/19/2024","599.31","588.62","605.91","586.72","273.98K","1.82%"
"06/18/2024","588.62","604.31","604.99","575.32","489.00K","-2.60%"
"06/17/2024","604.31","610.89","612.50","592.10","248.69K","-1.08%"
"06/16/2024","610.89","608.19","611.70","601.20","109.69K","0.44%"
"06/15/2024","608.19","603.30","609.59","601.40","127.35K","0.81%"
"06/14/2024","603.30","599.90","612.37","590.20","292.77K","0.57%"
"06/13/2024","599.90","619.38","619.68","596.03","333.13K","-3.15%"
"06/12/2024","619.38","602.49","635.15","592.38","484.69K","2.80%"
"06/11/2024","602.49","624.70","628.67","596.68","680.14K","-3.56%"
"06/10/2024","624.70","673.00","674.69","613.77","726.91K","-7.18%"
"06/09/2024","673.00","682.70","684.78","670.40","180.03K","-1.42%"
"06/08/2024","682.70","683.99","694.88","678.29","226.79K","-0.19%"
"06/07/2024","683.99","711.16","711.68","660.52","625.43K","-3.82%"
"06/06/2024","711.16","698.62","720.75","692.79","566.96K","1.80%"
"06/05/2024","698.61","685.64","712.79","685.58","714.32K","1.89%"
"06/04/2024","685.64","626.21","687.78","625.00","775.12K","9.49%"
"06/03/2024","626.21","602.81","637.75","601.21","684.53K","3.87%"
"06/02/2024","602.90","601.80","605.80","596.20","204.28K","0.18%"
"06/01/2024","601.80","593.80","608.19","593.20","161.02K","1.35%"
"05/31/2024","593.80","594.99","598.89","590.10","175.98K","-0.20%"
"05/30/2024","594.99","595.69","601.80","586.60","233.89K","-0.10%"
"05/29/2024","595.59","601.69","603.59","593.29","219.96K","-1.01%"
"05/28/2024","601.69","603.80","605.48","594.29","294.76K","-0.35%"
"05/27/2024","603.80","600.29","614.00","599.69","237.52K","0.58%"
"05/26/2024","600.29","602.39","605.09","598.60","126.92K","-0.35%"
"05/25/2024","602.39","600.29","606.48","599.50","125.95K","0.35%"
"05/24/2024","600.29","599.40","605.29","588.42","261.90K","0.15%"
"05/23/2024","599.40","614.81","616.91","581.88","646.40K","-2.51%"
"05/22/2024","614.81","618.61","626.02","610.11","424.15K","-0.61%"
"05/21/2024","618.61","599.92","629.98","594.01","1.07M","3.11%"
"05/20/2024","599.92","574.60","601.90","569.40","483.68K","4.41%"
"05/19/2024","574.60","580.30","581.80","572.11","145.23K","-0.98%"
"05/18/2024","580.30","580.99","581.90","574.31","172.31K","-0.10%"
"05/17/2024","580.90","569.20","584.50","568.80","243.71K","2.06%"
"05/16/2024","569.20","580.91","586.39","565.40","421.22K","-2.03%"
"05/15/2024","581.00","567.09","587.19","561.21","417.81K","2.45%"
"05/14/2024","567.09","591.69","593.07","562.74","470.57K","-4.16%"
"05/13/2024","591.69","594.78","598.00","585.67","413.16K","-0.52%"
"05/12/2024","594.78","592.20","599.38","587.61","199.93K","0.44%"
"05/11/2024","592.20","585.60","594.40","581.52","219.29K","1.13%"
"05/10/2024","585.60","596.69","596.99","582.13","307.59K","-1.86%"
"05/09/2024","596.69","588.60","603.31","586.71","485.18K","1.37%"
"05/08/2024","588.60","576.53","589.80","575.37","309.13K","1.97%"
"05/07/2024","577.21","588.20","600.11","576.31","300.02K","-1.87%"
"05/06/2024","588.20","591.80","601.90","583.33","288.74K","-0.61%"
"05/05/2024","591.80","585.58","594.89","579.78","188.12K","1.06%"
"05/04/2024","585.58","586.81","593.40","582.81","208.69K","-0.21%"
"05/03/2024","586.79","560.40","589.69","559.10","355.70K","4.71%"
"05/02/2024","560.40","561.90","565.69","542.65","376.32K","-0.27%"
"05/01/2024","561.90","578.41","580.21","537.50","709.21K","-2.85%"
"04/30/2024","578.41","592.71","603.83","556.01","818.08K","-2.41%"
"04/29/2024","592.71","600.39","602.80","582.26","348.95K","-1.28%"
"04/28/2024","600.39","596.18","608.19","596.18","267.83K","0.71%"
"04/27/2024","596.18","597.89","599.49","586.00","279.67K","-0.29%"
"04/26/2024","597.89","613.39","614.99","597.20","313.08K","-2.53%"
"04/25/2024","613.39","608.67","617.88","601.27","475.43K","0.77%"
"04/24/2024","608.67","606.19","618.33","593.64","707.11K","0.41%"
"04/23/2024","606.19","604.52","616.60","598.95","601.60K","0.28%"
"04/22/2024","604.52","579.60","608.41","578.51","550.27K","4.30%"
"04/21/2024","579.60","570.70","582.18","566.60","286.16K","1.54%"
"04/20/2024","570.80","554.09","574.09","549.19","251.08K","3.02%"
"04/19/2024","554.09","552.07","564.17","525.92","580.02K","0.37%"
"04/18/2024","552.07","534.32","555.52","527.25","667.50K","3.32%"
"04/17/2024","534.32","537.51","547.69","513.40","686.21K","-0.60%"
"04/16/2024","537.53","552.41","553.90","523.32","653.50K","-2.69%"
"04/15/2024","552.40","566.50","585.39","545.75","733.20K","-2.49%"
"04/14/2024","566.50","553.03","570.10","536.70","1.01M","2.52%"
"04/13/2024","552.56","595.68","600.07","510.84","1.87M","-7.22%"
"04/12/2024","595.59","604.61","627.68","575.15","1.63M","-1.49%"
"04/11/2024","604.61","609.82","617.81","592.10","628.33K","-0.86%"
"04/10/2024","609.82","580.50","610.21","573.69","850.79K","5.05%"
"04/09/2024","580.50","586.31","589.90","571.95","612.35K","-0.99%"
"04/08/2024","586.32","584.00","600.89","577.82","503.86K","0.40%"
"04/07/2024","584.00","585.59","590.80","578.51","275.59K","-0.29%"
"04/06/2024","585.69","577.89","590.68","575.39","236.59K","1.35%"
"04/05/2024","577.90","585.25","591.24","564.66","685.17K","-1.25%"
"04/04/2024","585.23","561.54","597.54","560.96","968.77K","4.25%"
"04/03/2024","561.35","550.80","567.81","539.70","736.62K","1.92%"
"04/02/2024","550.80","576.10","578.10","546.33","1.06M","-4.39%"
"04/01/2024","576.10","606.69","607.59","569.10","754.09K","-5.07%"
"03/31/2024","606.89","600.79","608.69","600.59","333.98K","1.02%"
"03/30/2024","600.79","612.47","612.58","596.97","535.11K","-1.91%"
"03/29/2024","612.47","583.10","619.89","582.21","1.10M","5.04%"
"03/28/2024","583.10","574.21","591.47","574.21","543.46K","1.55%"
"03/27/2024","574.21","580.45","585.17","564.51","566.34K","-1.07%"
"03/26/2024","580.45","587.07","596.96","571.89","625.10K","-1.13%"
"03/25/2024","587.11","567.80","597.68","565.00","874.48K","3.42%"
"03/24/2024","567.70","552.10","572.79","549.00","465.77K","2.83%"
"03/23/2024","552.10","553.53","567.67","544.39","634.68K","-0.26%"
"03/22/2024","553.53","553.79","587.68","535.61","1.26M","-0.05%"
"03/21/2024","553.79","556.60","570.80","541.01","992.52K","-0.50%"
"03/20/2024","556.60","508.06","558.90","500.51","1.48M","9.55%"
"03/19/2024","508.06","555.49","560.29","498.61","2.62M","-8.54%"
"03/18/2024","555.49","571.69","586.88","540.54","2.32M","-2.83%"
"03/17/2024","571.69","576.52","590.11","550.23","1.76M","-0.84%"
"03/16/2024","576.52","632.06","641.80","567.93","1.85M","-8.79%"
"03/15/2024","632.06","603.30","634.45","548.34","3.13M","4.77%"
"03/14/2024","603.30","630.36","631.39","565.93","2.17M","-4.29%"
"03/13/2024","630.36","537.69","632.53","531.80","2.57M","17.23%"
"03/12/2024","537.69","522.89","547.40","520.30","1.98M","2.99%"
"03/11/2024","522.11","529.10","532.99","507.33","1.64M","-1.32%"
"03/10/2024","529.10","488.30","536.54","485.00","1.97M","8.35%"
"03/09/2024","488.30","485.80","493.68","481.21","867.20K","0.37%"
"03/08/2024","486.51","474.50","489.38","463.81","1.69M","2.45%"
"03/07/2024","474.90","429.29","476.48","423.40","1.69M","10.65%"
"03/06/2024","429.19","394.29","434.26","385.90","1.85M","8.85%"
"03/05/2024","394.29","418.40","427.10","362.15","2.11M","-5.76%"
"03/04/2024","418.40","414.50","423.40","410.70","1.06M","0.89%"
"03/03/2024","414.70","410.89","416.50","402.90","851.04K","0.93%"
"03/02/2024","410.89","407.30","414.69","405.91","599.60K","0.88%"
"03/01/2024","407.30","399.10","408.48","399.00","595.45K","2.05%"
"02/29/2024","399.10","414.62","419.38","391.24","1.16M","-3.74%"
"02/28/2024","414.62","394.60","426.79","394.30","1.39M","5.02%"
"02/27/2024","394.80","401.60","403.69","390.11","932.13K","-1.69%"
"02/26/2024","401.60","388.50","404.49","382.10","1.23M","3.37%"
"02/25/2024","388.50","381.70","390.80","378.00","653.45K","1.78%"
"02/24/2024","381.70","375.50","383.30","371.80","451.45K","1.65%"
"02/23/2024","375.50","382.69","385.70","369.20","1.04M","-1.88%"
"02/22/2024","382.69","379.19","387.09","374.01","1.43M","0.95%"
"02/21/2024","379.09","354.51","379.30","351.01","1.73M","6.94%"
"02/20/2024","354.51","351.70","360.80","345.32","990.06K","0.80%"
"02/19/2024","351.70","349.60","356.10","349.40","840.10K","0.60%"
"02/18/2024","349.60","352.90","358.10","349.31","503.35K","-0.93%"
"02/17/2024","352.90","360.60","363.40","348.41","639.39K","-2.14%"
"02/16/2024","360.60","354.20","365.90","351.20","1.07M","1.81%"
"02/15/2024","354.20","333.80","366.10","333.30","1.38M","6.08%"
"02/14/2024","333.90","324.70","334.50","323.50","458.37K","2.84%"
"02/13/2024","324.70","327.90","329.10","319.30","452.83K","-0.98%"
"02/12/2024","327.90","320.70","331.40","315.70","586.06K","2.25%"
"02/11/2024","320.70","323.10","324.80","320.10","283.16K","-0.74%"
"02/10/2024","323.10","323.90","325.30","319.10","326.70K","-0.25%"
"02/09/2024","323.90","318.89","325.99","318.00","750.87K","1.57%"
"02/08/2024","318.89","307.41","320.49","307.41","944.54K","3.74%"
"02/07/2024","307.41","302.80","308.70","300.80","362.21K","1.52%"
"02/06/2024","302.80","301.20","303.70","300.90","265.76K","0.53%"
"02/05/2024","301.20","304.60","306.80","299.70","495.71K","-1.12%"
"02/04/2024","304.60","299.60","307.70","298.00","509.04K","1.67%"
"02/03/2024","299.60","301.40","303.70","299.60","202.13K","-0.60%"
"02/02/2024","301.40","300.20","304.90","299.90","314.38K","0.43%"
"02/01/2024","300.10","300.50","302.10","296.61","381.47K","-0.13%"
"01/31/2024","300.50","307.79","308.00","298.90","464.44K","-2.34%"
"01/30/2024","307.70","310.70","313.10","306.50","393.66K","-0.97%"
"01/29/2024","310.70","305.30","310.90","304.41","450.35K","1.77%"
"01/28/2024","305.30","305.70","308.90","303.20","420.26K","-0.13%"
"01/27/2024","305.70","302.30","307.50","301.90","295.98K","1.12%"
"01/26/2024","302.30","291.80","304.10","290.80","725.63K","3.60%"
"01/25/2024","291.80","293.10","296.30","287.60","1.02M","-0.44%"
"01/24/2024","293.10","298.80","300.60","290.50","813.89K","-1.91%"
"01/23/2024","298.80","306.00","311.60","290.52","947.32K","-2.35%"
"01/22/2024","306.00","318.59","320.20","304.01","716.82K","-3.95%"
"01/21/2024","318.59","317.30","321.70","316.11","366.63K","0.41%"
"01/20/2024","317.30","314.69","317.30","312.30","331.21K","0.83%"
"01/19/2024","314.69","312.91","316.07","306.12","861.03K","0.57%"
"01/18/2024","312.91","309.39","315.40","305.70","933.48K","1.17%"
"01/17/2024","309.30","315.11","316.20","307.19","1.11M","-1.84%"
"01/16/2024","315.11","317.59","319.29","313.20","980.65K","-0.78%"
"01/15/2024","317.59","299.41","319.79","299.41","1.74M","6.07%"
"01/14/2024","299.41","302.10","306.60","298.81","405.33K","-0.89%"
"01/13/2024","302.10","296.80","303.00","291.00","445.06K","1.79%"
"01/12/2024","296.80","308.30","312.90","290.11","1.02M","-3.73%"
"01/11/2024","308.30","305.40","316.70","301.62","1.20M","0.95%"
"01/10/2024","305.40","301.10","309.70","289.02","1.05M","1.46%"
"01/09/2024","301.00","303.60","306.70","296.20","1.42M","-0.86%"
"01/08/2024","303.60","302.30","308.00","290.50","998.88K","0.43%"
"01/07/2024","302.30","307.59","309.90","300.11","504.95K","-1.63%"
"01/06/2024","307.30","317.30","317.50","300.20","921.53K","-3.15%"
"01/05/2024","317.30","323.60","327.10","308.71","1.17M","-1.98%"
"01/04/2024","323.70","315.82","324.29","311.01","1.15M","2.49%"
"01/03/2024","315.82","312.19","333.69","295.60","2.19M","1.16%"
"01/02/2024","312.19","313.51","321.00","307.01","953.52K","-0.42%"
"01/01/2024","313.51","312.00","315.90","307.20","628.46K","0.48%"
"12/31/2023","312.00","316.60","325.40","308.32","677.55K","-1.45%"
"12/30/2023","316.60","313.60","320.50","312.50","571.00K","0.96%"
"12/29/2023","313.60","322.80","325.40","307.84","1.43M","-2.85%"
"12/28/2023","322.80","324.09","337.89","320.30","2.29M","-0.37%"
"12/27/2023","323.99","297.80","324.00","285.31","2.16M","8.79%"
"12/26/2023","297.80","266.80","303.00","264.32","2.42M","11.62%"
"12/25/2023","266.80","264.40","268.00","261.71","477.85K","0.91%"
"12/24/2023","264.40","270.80","272.50","262.10","583.96K","-2.36%"
"12/23/2023","270.80","270.90","272.00","265.80","414.92K","-0.04%"
"12/22/2023","270.90","271.50","276.20","265.00","987.24K","-0.22%"
"12/21/2023","271.50","260.20","274.69","256.30","1.31M","4.34%"
"12/20/2023","260.20","252.89","261.70","250.50","1.14M","2.89%"
"12/19/2023","252.89","241.69","254.69","241.40","1.61M","4.63%"
"12/18/2023","241.69","239.00","241.69","232.11","892.28K","1.12%"
"12/17/2023","239.00","244.40","244.50","238.90","474.54K","-2.21%"
"12/16/2023","244.40","244.91","248.10","243.21","456.32K","-0.21%"
"12/15/2023","244.91","253.30","253.30","243.31","672.51K","-3.35%"
"12/14/2023","253.40","252.10","254.00","248.12","834.25K","0.51%"
"12/13/2023","252.10","254.40","255.89","244.31","1.18M","-0.90%"
"12/12/2023","254.39","246.41","257.00","245.70","1.91M","3.24%"
"12/11/2023","246.41","239.70","247.48","228.99","2.06M","2.80%"
"12/10/2023","239.70","237.50","241.39","237.00","442.96K","0.93%"
"12/09/2023","237.50","238.80","245.20","236.50","856.78K","-0.55%"
"12/08/2023","238.80","232.70","239.90","232.40","780.76K","2.62%"
"12/07/2023","232.70","229.59","234.70","228.60","807.42K","1.35%"
"12/06/2023","229.59","231.20","234.70","228.81","873.94K","-0.69%"
"12/05/2023","231.20","233.50","234.90","228.20","874.43K","-0.99%"
"12/04/2023","233.50","228.10","236.80","226.00","1.50M","2.37%"
"12/03/2023","228.10","229.10","231.70","226.11","602.39K","-0.44%"
"12/02/2023","229.10","228.50","230.10","226.40","463.45K","0.26%"
"12/01/2023","228.50","227.60","230.00","227.00","431.53K","0.39%"
"11/30/2023","227.60","227.30","229.20","226.00","366.36K","0.13%"
"11/29/2023","227.30","229.60","231.20","226.20","423.80K","-1.00%"
"11/28/2023","229.60","227.30","231.70","224.30","552.68K","1.01%"
"11/27/2023","227.30","231.60","232.90","222.90","841.60K","-1.86%"
"11/26/2023","231.60","234.50","234.50","228.70","442.65K","-1.24%"
"11/25/2023","234.50","232.80","235.60","232.40","317.79K","0.73%"
"11/24/2023","232.80","233.80","236.40","231.60","623.61K","-0.39%"
"11/23/2023","233.70","236.10","239.00","230.50","729.59K","-1.02%"
"11/22/2023","236.10","225.70","238.30","225.21","1.82M","4.61%"
"11/21/2023","225.70","253.10","271.14","224.11","4.11M","-10.83%"
"11/20/2023","253.10","246.31","267.71","240.18","1.57M","2.76%"
"11/19/2023","246.31","244.80","246.80","241.90","392.99K","0.62%"
"11/18/2023","244.80","244.89","245.20","238.80","497.98K","0.00%"
"11/17/2023","244.79","242.70","245.90","238.51","776.22K","0.86%"
"11/16/2023","242.70","253.79","255.60","240.30","1.11M","-4.37%"
"11/15/2023","253.79","242.20","254.20","242.10","936.47K","4.79%"
"11/14/2023","242.20","241.19","249.38","235.42","1.02M","0.42%"
"11/13/2023","241.19","247.40","250.19","240.30","976.30K","-2.51%"
"11/12/2023","247.40","251.59","251.90","245.44","656.51K","-1.67%"
"11/11/2023","251.59","251.10","255.19","246.20","761.82K","0.28%"
"11/10/2023","250.90","251.70","257.90","248.21","837.13K","-0.32%"
"11/09/2023","251.70","246.71","255.60","241.70","1.36M","2.02%"
"11/08/2023","246.71","246.30","248.09","244.30","513.26K","0.17%"
"11/07/2023","246.30","255.10","255.49","242.30","896.21K","-3.45%"
"11/06/2023","255.09","244.00","255.50","241.70","870.25K","4.54%"
"11/05/2023","244.00","237.10","245.50","236.10","631.92K","2.91%"
"11/04/2023","237.10","230.30","238.60","229.30","400.42K","2.95%"
"11/03/2023","230.30","231.80","232.40","225.90","513.43K","-0.65%"
"11/02/2023","231.80","227.90","233.40","227.50","855.20K","1.71%"
"11/01/2023","227.90","226.30","229.29","222.60","592.52K","0.71%"
"10/31/2023","226.30","227.90","229.29","224.00","477.45K","-0.70%"
"10/30/2023","227.90","227.00","229.10","224.80","412.06K","0.40%"
"10/29/2023","227.00","225.70","228.10","223.70","277.32K","0.58%"
"10/28/2023","225.70","224.40","228.29","224.20","360.35K","0.58%"
"10/27/2023","224.40","223.20","230.77","219.90","1.00M","0.54%"
"10/26/2023","223.20","222.10","228.00","219.49","754.09K","0.49%"
"10/25/2023","222.10","225.10","229.00","221.70","637.80K","-1.33%"
"10/24/2023","225.10","228.30","237.49","222.11","1.05M","-1.40%"
"10/23/2023","228.30","217.80","230.40","217.00","864.75K","4.82%"
"10/22/2023","217.80","214.10","218.10","213.60","299.88K","1.73%"
"10/21/2023","214.10","212.10","215.70","211.40","268.38K","0.94%"
"10/20/2023","212.10","211.10","216.39","210.60","355.28K","0.47%"
"10/19/2023","211.10","210.20","211.40","208.20","281.51K","0.43%"
"10/18/2023","210.20","211.50","213.70","209.90","268.39K","-0.62%"
"10/17/2023","211.50","214.70","214.90","209.60","385.04K","-1.49%"
"10/16/2023","214.70","209.80","218.79","209.60","791.11K","2.34%"
"10/15/2023","209.80","206.60","210.20","206.40","373.51K","1.55%"
"10/14/2023","206.60","206.00","207.10","205.70","145.74K","0.29%"
"10/13/2023","206.00","205.30","208.10","204.31","339.61K","0.34%"
"10/12/2023","205.30","206.59","207.08","203.01","372.65K","-0.63%"
"10/11/2023","206.59","208.50","208.80","204.60","413.46K","-0.92%"
"10/10/2023","208.50","205.80","210.87","205.70","593.77K","1.31%"
"10/09/2023","205.80","211.40","212.20","202.99","586.60K","-2.65%"
"10/08/2023","211.40","212.30","212.70","209.11","231.46K","-0.42%"
"10/07/2023","212.30","213.40","213.80","211.50","129.45K","-0.52%"
"10/06/2023","213.40","210.70","214.40","210.20","261.99K","1.28%"
"10/05/2023","210.70","213.40","213.80","210.30","263.71K","-1.17%"
"10/04/2023","213.20","213.50","213.70","210.80","334.58K","-0.14%"
"10/03/2023","213.50","214.60","215.80","212.70","303.08K","-0.51%"
"10/02/2023","214.60","218.00","221.40","213.11","580.04K","-1.56%"
"10/01/2023","218.00","214.50","219.20","213.20","420.80K","1.63%"
"09/30/2023","214.50","215.20","216.40","214.30","181.72K","-0.32%"
"09/29/2023","215.20","215.00","217.49","214.30","377.76K","0.09%"
"09/28/2023","215.00","212.00","216.90","211.60","401.79K","1.41%"
"09/27/2023","212.00","212.60","216.00","210.60","416.66K","-0.28%"
"09/26/2023","212.60","210.00","213.60","209.70","289.38K","1.24%"
"09/25/2023","210.00","208.30","210.50","207.00","278.85K","0.82%"
"09/24/2023","208.30","210.50","211.20","207.01","189.72K","-1.05%"
"09/23/2023","210.50","211.00","211.60","209.90","120.47K","-0.24%"
"09/22/2023","211.00","210.80","212.10","209.80","242.74K","0.09%"
"09/21/2023","210.80","214.30","215.10","209.21","422.87K","-1.64%"
"09/20/2023","214.30","217.20","217.80","213.50","380.15K","-1.33%"
"09/19/2023","217.20","216.00","219.60","215.50","355.33K","0.56%"
"09/18/2023","216.00","216.40","221.20","215.20","610.23K","-0.18%"
"09/17/2023","216.40","214.90","216.70","213.40","336.71K","0.70%"
"09/16/2023","214.90","214.10","215.80","213.40","293.31K","0.37%"
"09/15/2023","214.10","212.20","215.00","211.10","317.44K","0.90%"
"09/14/2023","212.20","212.60","214.90","211.20","362.54K","-0.19%"
"09/13/2023","212.60","210.80","213.20","209.30","309.62K","0.90%"
"09/12/2023","210.70","206.20","213.80","205.10","534.62K","2.18%"
"09/11/2023","206.20","212.40","212.70","204.19","590.56K","-2.92%"
"09/10/2023","212.40","214.10","214.30","211.31","287.17K","-0.80%"
"09/09/2023","214.10","214.70","215.40","214.10","97.33K","-0.28%"
"09/08/2023","214.70","217.10","218.40","213.40","242.28K","-1.11%"
"09/07/2023","217.10","215.20","217.80","213.60","253.37K","0.88%"
"09/06/2023","215.20","214.60","218.04","212.20","308.24K","0.28%"
"09/05/2023","214.60","215.20","216.00","213.60","249.61K","-0.28%"
"09/04/2023","215.20","214.40","216.49","213.10","313.83K","0.42%"
"09/03/2023","214.30","214.50","215.10","213.20","172.57K","-0.09%"
"09/02/2023","214.50","213.70","215.69","213.00","212.81K","0.37%"
"09/01/2023","213.70","216.80","218.00","211.42","475.08K","-1.38%"
"08/31/2023","216.70","223.80","225.78","215.11","465.26K","-3.17%"
"08/30/2023","223.80","226.90","227.19","221.80","313.38K","-1.37%"
"08/29/2023","226.90","218.80","233.50","217.00","691.52K","3.70%"
"08/28/2023","218.80","218.30","219.20","215.60","318.23K","0.23%"
"08/27/2023","218.30","216.50","219.70","215.90","191.66K","0.83%"
"08/26/2023","216.50","218.40","219.19","216.10","150.04K","-0.87%"
"08/25/2023","218.40","219.00","219.50","213.91","394.29K","-0.27%"
"08/24/2023","219.00","216.70","220.50","215.70","381.06K","1.06%"
"08/23/2023","216.70","210.90","218.60","210.80","662.95K","2.75%"
"08/22/2023","210.90","210.40","212.70","203.80","897.16K","0.24%"
"08/21/2023","210.40","216.50","216.80","206.70","801.42K","-2.82%"
"08/20/2023","216.50","216.90","217.90","215.40","194.55K","-0.18%"
"08/19/2023","216.90","216.10","219.20","214.10","330.47K","0.37%"
"08/18/2023","216.10","218.09","220.30","213.50","692.77K","-0.92%"
"08/17/2023","218.09","232.10","232.40","214.29","1.05M","-6.03%"
"08/16/2023","232.10","236.89","237.40","231.01","436.00K","-2.03%"
"08/15/2023","236.89","240.50","240.70","235.01","409.00K","-1.50%"
"08/14/2023","240.50","240.20","241.40","239.80","204.83K","0.12%"
"08/13/2023","240.20","240.30","241.80","239.90","135.86K","0.00%"
"08/12/2023","240.20","239.70","241.20","239.30","117.72K","0.21%"
"08/11/2023","239.70","241.40","242.30","238.30","296.24K","-0.70%"
"08/10/2023","241.40","243.80","244.10","240.50","267.63K","-0.99%"
"08/09/2023","243.80","245.20","245.50","242.80","299.88K","-0.57%"
"08/08/2023","245.20","242.10","247.87","241.50","387.51K","1.28%"
"08/07/2023","242.10","243.20","244.80","239.70","310.96K","-0.45%"
"08/06/2023","243.20","243.30","245.50","242.80","282.60K","-0.04%"
"08/05/2023","243.30","241.70","243.30","240.20","179.81K","0.62%"
"08/04/2023","241.80","241.10","243.40","240.70","280.68K","0.29%"
"08/03/2023","241.10","240.70","241.90","238.50","311.31K","0.17%"
"08/02/2023","240.70","247.79","248.79","235.90","652.40K","-2.86%"
"08/01/2023","247.79","240.90","247.79","238.10","832.08K","2.86%"
"07/31/2023","240.90","242.50","244.40","240.70","339.76K","-0.66%"
"07/30/2023","242.50","242.50","243.80","240.60","260.86K","0.00%"
"07/29/2023","242.50","241.90","242.89","241.10","104.85K","0.25%"
"07/28/2023","241.90","240.70","242.90","239.71","237.92K","0.54%"
"07/27/2023","240.60","239.00","243.60","238.50","319.42K","0.67%"
"07/26/2023","239.00","237.80","240.30","236.50","328.86K","0.50%"
"07/25/2023","237.80","239.00","239.70","236.60","316.03K","-0.50%"
"07/24/2023","239.00","242.40","243.00","235.51","478.39K","-1.40%"
"07/23/2023","242.40","240.90","243.90","240.50","177.30K","0.62%"
"07/22/2023","240.90","243.80","244.80","240.20","189.81K","-1.19%"
"07/21/2023","243.80","242.70","245.20","242.20","306.09K","0.45%"
"07/20/2023","242.70","241.00","245.00","240.60","464.08K","0.71%"
"07/19/2023","241.00","240.20","244.00","239.81","460.83K","0.33%"
"07/18/2023","240.20","244.10","246.60","238.11","957.48K","-1.60%"
"07/17/2023","244.10","242.30","244.80","240.11","811.67K","0.74%"
"07/16/2023","242.30","250.90","252.00","242.20","443.13K","-3.43%"
"07/15/2023","250.90","248.10","252.50","247.10","393.00K","1.13%"
"07/14/2023","248.10","256.30","261.60","243.51","1.10M","-3.20%"
"07/13/2023","256.30","243.90","257.50","242.80","1.07M","5.09%"
"07/12/2023","243.90","248.69","250.39","242.70","613.17K","-1.93%"
"07/11/2023","248.69","246.10","249.40","244.70","677.47K","1.01%"
"07/10/2023","246.20","234.10","246.30","231.61","1.23M","5.17%"
"07/09/2023","234.10","236.30","237.00","233.20","242.91K","-0.93%"
"07/08/2023","236.30","235.60","237.59","234.30","269.16K","0.30%"
"07/07/2023","235.60","232.29","236.10","231.49","451.07K","1.42%"
"07/06/2023","232.29","238.90","244.29","231.68","702.32K","-2.77%"
"07/05/2023","238.90","242.40","243.89","236.76","541.97K","-1.44%"
"07/04/2023","242.40","246.30","246.89","240.70","510.14K","-1.59%"
"07/03/2023","246.30","246.40","253.67","245.60","893.57K","-0.04%"
"07/02/2023","246.40","247.80","248.40","243.10","615.55K","-0.56%"
"07/01/2023","247.80","240.40","248.80","240.30","743.30K","3.08%"
"06/30/2023","240.40","233.10","241.68","231.82","877.06K","3.13%"
"06/29/2023","233.10","230.60","236.50","230.50","364.98K","1.13%"
"06/28/2023","230.50","237.50","237.50","225.90","668.63K","-2.95%"
"06/27/2023","237.50","236.09","240.79","234.50","374.61K","0.59%"
"06/26/2023","236.09","238.89","241.20","233.79","551.40K","-1.17%"
"06/25/2023","238.89","236.39","241.90","235.30","544.58K","1.01%"
"06/24/2023","236.49","244.20","248.49","231.10","830.76K","-3.16%"
"06/23/2023","244.20","240.80","249.38","239.70","667.76K","1.41%"
"06/22/2023","240.80","248.90","256.79","239.50","1.07M","-3.29%"
"06/21/2023","249.00","247.70","253.91","245.20","1.05M","0.52%"
"06/20/2023","247.70","243.00","247.99","238.70","667.12K","1.94%"
"06/19/2023","243.00","244.10","244.70","238.89","443.84K","-0.45%"
"06/18/2023","244.10","244.60","248.50","242.60","373.87K","-0.20%"
"06/17/2023","244.60","239.38","249.50","237.29","511.26K","2.18%"
"06/16/2023","239.38","236.49","243.17","232.49","596.48K","1.22%"
"06/15/2023","236.49","237.89","240.60","230.70","645.96K","-0.59%"
"06/14/2023","237.89","244.19","252.10","233.73","1.03M","-2.58%"
"06/13/2023","244.19","231.29","246.53","228.90","1.30M","5.58%"
"06/12/2023","231.29","235.39","238.79","221.40","1.66M","-1.74%"
"06/11/2023","235.39","238.70","239.29","233.64","430.82K","-1.39%"
"06/10/2023","238.70","260.51","260.70","230.76","1.68M","-8.37%"
"06/09/2023","260.51","261.91","264.29","255.91","536.35K","-0.54%"
"06/08/2023","261.91","259.21","267.20","257.33","616.61K","1.04%"
"06/07/2023","259.21","281.10","281.60","254.65","1.24M","-7.79%"
"06/06/2023","281.11","277.10","285.60","273.40","742.08K","1.45%"
"06/05/2023","277.10","305.10","305.10","272.41","1.14M","-9.18%"
"06/04/2023","305.10","306.60","307.60","304.81","192.73K","-0.49%"
"06/03/2023","306.60","307.30","308.10","305.30","162.09K","-0.23%"
"06/02/2023","307.30","304.80","308.40","303.50","309.77K","0.82%"
"06/01/2023","304.80","306.70","307.50","303.30","263.13K","-0.62%"
"05/31/2023","306.70","311.40","311.80","305.01","448.98K","-1.51%"
"05/30/2023","311.40","311.60","314.10","310.90","299.81K","-0.07%"
"05/29/2023","311.60","314.10","316.90","310.50","474.21K","-0.80%"
"05/28/2023","314.10","307.40","314.41","306.80","266.78K","2.18%"
"05/27/2023","307.40","306.90","307.70","304.10","150.06K","0.16%"
"05/26/2023","306.90","304.60","308.40","301.71","409.72K","0.75%"
"05/25/2023","304.60","305.90","306.80","302.50","295.39K","-0.42%"
"05/24/2023","305.90","313.50","313.60","303.81","302.10K","-2.42%"
"05/23/2023","313.50","309.10","315.30","309.10","234.96K","1.42%"
"05/22/2023","309.10","306.41","311.10","304.50","231.13K","0.88%"
"05/21/2023","306.41","310.70","311.60","305.83","149.16K","-1.38%"
"05/20/2023","310.70","308.90","311.90","307.80","110.11K","0.58%"
"05/19/2023","308.90","309.40","311.39","307.70","198.26K","-0.16%"
"05/18/2023","309.40","314.29","314.80","306.21","245.41K","-1.56%"
"05/17/2023","314.29","311.30","314.30","307.20","229.04K","0.96%"
"05/16/2023","311.30","313.40","314.00","309.40","190.08K","-0.67%"
"05/15/2023","313.40","312.09","316.20","310.70","208.51K","0.42%"
"05/14/2023","312.09","310.71","314.70","309.50","199.43K","0.45%"
"05/13/2023","310.71","308.60","311.80","307.60","161.15K","0.68%"
"05/12/2023","308.60","307.50","309.00","301.30","339.08K","0.36%"
"05/11/2023","307.50","314.30","314.41","304.50","305.12K","-2.16%"
"05/10/2023","314.30","312.20","316.69","308.63","374.69K","0.67%"
"05/09/2023","312.21","313.79","315.79","311.20","272.70K","-0.50%"
"05/08/2023","313.79","320.90","321.99","311.22","398.34K","-2.22%"
"05/07/2023","320.90","321.90","325.39","320.50","214.88K","-0.31%"
"05/06/2023","321.90","326.50","328.38","319.59","288.80K","-1.41%"
"05/05/2023","326.50","323.80","329.09","323.34","299.47K","0.83%"
"05/04/2023","323.80","325.90","327.40","323.21","205.93K","-0.65%"
"05/03/2023","325.90","321.51","327.50","320.60","631.22K","1.37%"
"05/02/2023","321.51","328.60","328.60","321.51","451.59K","-2.16%"
"05/01/2023","328.60","337.58","339.49","326.21","748.76K","-2.66%"
"04/30/2023","337.58","321.90","338.19","320.41","735.13K","4.87%"
"04/29/2023","321.90","324.00","324.70","321.30","236.60K","-0.68%"
"04/28/2023","324.10","330.70","330.79","319.00","1.02M","-2.00%"
"04/27/2023","330.70","330.50","336.39","328.71","500.35K","0.06%"
"04/26/2023","330.50","338.39","344.90","323.86","700.74K","-2.33%"
"04/25/2023","338.39","331.10","339.80","328.60","452.97K","2.20%"
"04/24/2023","331.10","330.60","333.70","328.09","457.10K","0.12%"
"04/23/2023","330.70","332.08","332.39","327.40","397.91K","-0.42%"
"04/22/2023","332.08","321.30","333.09","319.90","396.60K","3.35%"
"04/21/2023","321.30","318.09","332.57","315.82","948.48K","1.01%"
"04/20/2023","318.09","322.40","326.70","315.50","385.17K","-1.34%"
"04/19/2023","322.40","343.00","343.70","320.39","562.93K","-6.01%"
"04/18/2023","343.00","340.00","346.48","337.20","407.35K","0.88%"
"04/17/2023","340.00","347.70","350.00","337.71","578.69K","-2.21%"
"04/16/2023","347.70","333.00","349.91","330.20","656.26K","4.41%"
"04/15/2023","333.00","328.81","335.90","327.01","433.13K","1.28%"
"04/14/2023","328.80","324.60","335.31","323.41","705.88K","1.29%"
"04/13/2023","324.60","319.90","324.80","317.81","359.08K","1.50%"
"04/12/2023","319.80","322.21","323.21","316.81","368.20K","-0.75%"
"04/11/2023","322.21","318.59","333.00","317.80","686.32K","1.14%"
"04/10/2023","318.59","312.80","318.59","311.70","280.32K","1.85%"
"04/09/2023","312.80","310.50","313.50","309.70","170.37K","0.74%"
"04/08/2023","310.50","310.40","312.69","310.20","173.42K","0.03%"
"04/07/2023","310.40","312.29","312.70","309.80","187.97K","-0.58%"
"04/06/2023","312.19","314.00","314.80","310.70","243.25K","-0.58%"
"04/05/2023","314.00","310.80","316.69","310.30","332.01K","1.03%"
"04/04/2023","310.80","308.60","312.48","308.20","320.39K","0.72%"
"04/03/2023","308.60","313.81","314.10","299.91","474.36K","-1.66%"
"04/02/2023","313.81","314.90","316.11","311.09","157.05K","-0.35%"
"04/01/2023","314.90","317.10","318.60","313.20","192.47K","-0.69%"
"03/31/2023","317.10","316.40","319.70","313.61","278.30K","0.22%"
"03/30/2023","316.40","313.80","318.55","309.38","516.97K","0.83%"
"03/29/2023","313.80","313.30","319.69","312.40","346.41K","0.16%"
"03/28/2023","313.30","310.51","315.59","306.90","346.99K","0.84%"
"03/27/2023","310.70","328.50","329.60","306.10","605.70K","-5.45%"
"03/26/2023","328.60","322.50","329.38","321.70","215.41K","1.89%"
"03/25/2023","322.50","321.99","324.80","319.15","331.44K","0.21%"
"03/24/2023","321.81","329.31","329.99","317.30","328.26K","-2.28%"
"03/23/2023","329.31","321.20","331.80","319.20","402.49K","2.52%"
"03/22/2023","321.20","334.31","339.29","316.51","1.32M","-3.92%"
"03/21/2023","334.31","332.40","339.79","327.31","493.62K","0.57%"
"03/20/2023","332.40","336.57","338.99","331.69","533.29K","-1.24%"
"03/19/2023","336.57","331.01","341.20","330.80","420.67K","1.68%"
"03/18/2023","331.01","338.88","345.99","329.14","688.76K","-2.32%"
"03/17/2023","338.88","329.39","339.89","326.09","755.89K","2.88%"
"03/16/2023","329.39","306.30","332.40","303.01","1.30M","7.54%"
"03/15/2023","306.30","308.59","312.69","300.52","433.50K","-0.74%"
"03/14/2023","308.59","307.89","319.18","302.20","735.13K","0.26%"
"03/13/2023","307.80","287.99","312.59","286.30","1.04M","6.88%"
"03/12/2023","287.99","275.99","288.11","273.41","332.20K","4.38%"
"03/11/2023","275.90","277.48","281.58","270.60","390.55K","-0.57%"
"03/10/2023","277.48","277.02","278.00","265.31","426.68K","0.00%"
"03/09/2023","277.49","286.99","291.29","271.44","339.22K","-3.31%"
"03/08/2023","286.99","289.30","293.89","285.21","273.96K","-0.80%"
"03/07/2023","289.30","287.90","290.40","283.63","213.08K","0.49%"
"03/06/2023","287.90","288.80","289.70","283.61","215.63K","-0.28%"
"03/05/2023","288.71","289.49","292.70","287.41","136.20K","-0.27%"
"03/04/2023","289.49","290.40","291.40","286.01","134.85K","-0.31%"
"03/03/2023","290.40","299.80","300.00","287.22","280.69K","-3.14%"
"03/02/2023","299.80","302.70","303.70","295.90","209.77K","-0.96%"
"03/01/2023","302.70","301.40","306.39","300.60","211.18K","0.43%"
"02/28/2023","301.39","304.70","305.60","300.11","196.89K","-1.09%"
"02/27/2023","304.70","308.69","309.40","300.70","244.63K","-1.30%"
"02/26/2023","308.70","302.40","309.60","300.71","158.94K","2.08%"
"02/25/2023","302.40","302.29","303.00","296.39","187.88K","0.04%"
"02/24/2023","302.29","308.30","311.90","298.91","342.01K","-1.95%"
"02/23/2023","308.30","312.70","314.99","305.90","313.71K","-1.41%"
"02/22/2023","312.70","311.50","312.80","303.69","383.41K","0.39%"
"02/21/2023","311.50","315.40","317.19","309.50","400.36K","-1.24%"
"02/20/2023","315.40","311.42","319.60","308.60","531.11K","1.03%"
"02/19/2023","312.19","316.50","318.59","311.00","348.89K","-1.36%"
"02/18/2023","316.50","313.10","318.88","313.10","294.04K","1.09%"
"02/17/2023","313.10","304.41","317.08","303.19","529.23K","2.85%"
"02/16/2023","304.41","317.50","327.09","304.11","891.63K","-4.12%"
"02/15/2023","317.50","296.20","317.59","294.11","483.43K","7.19%"
"02/14/2023","296.20","294.31","301.26","289.90","515.80K","0.64%"
"02/13/2023","294.31","312.60","315.30","283.00","1.11M","-5.85%"
"02/12/2023","312.60","310.50","320.79","306.29","304.93K","0.74%"
"02/11/2023","310.31","305.80","311.29","305.20","161.93K","1.44%"
"02/10/2023","305.89","306.19","309.10","302.80","308.56K","-0.10%"
"02/09/2023","306.19","328.20","329.20","303.27","584.31K","-6.70%"
"02/08/2023","328.20","333.10","335.67","323.80","295.99K","-1.47%"
"02/07/2023","333.10","324.10","333.60","323.42","276.96K","2.78%"
"02/06/2023","324.10","327.70","331.19","321.41","299.44K","-1.10%"
"02/05/2023","327.70","330.40","337.59","324.21","406.98K","-0.82%"
"02/04/2023","330.40","332.20","334.00","327.21","213.94K","-0.54%"
"02/03/2023","332.20","322.70","335.00","318.60","585.50K","2.94%"
"02/02/2023","322.70","316.90","334.10","316.40","594.26K","1.83%"
"02/01/2023","316.90","312.11","319.30","305.82","401.16K","1.54%"
"01/31/2023","312.11","307.10","314.00","305.40","286.17K","1.63%"
"01/30/2023","307.10","317.19","320.70","302.71","417.43K","-3.21%"
"01/29/2023","317.29","306.10","320.40","304.90","442.71K","3.59%"
"01/28/2023","306.30","307.99","313.39","303.81","237.85K","-0.55%"
"01/27/2023","307.99","304.90","310.40","299.41","279.35K","1.02%"
"01/26/2023","304.90","306.71","309.50","302.00","350.51K","-0.59%"
"01/25/2023","306.71","300.30","313.70","293.81","460.48K","2.13%"
"01/24/2023","300.30","305.20","323.00","299.71","647.05K","-1.61%"
"01/23/2023","305.20","303.10","307.70","301.21","305.82K","0.69%"
"01/22/2023","303.10","299.10","311.30","298.70","392.14K","1.37%"
"01/21/2023","299.00","305.10","309.80","298.70","513.43K","-2.00%"
"01/20/2023","305.10","294.60","305.30","286.81","430.19K","3.56%"
"01/19/2023","294.60","286.90","295.30","286.32","222.45K","2.68%"
"01/18/2023","286.90","299.30","305.00","281.72","639.91K","-4.14%"
"01/17/2023","299.30","299.10","305.40","296.25","287.83K","0.07%"
"01/16/2023","299.10","302.10","308.00","293.69","361.21K","-0.99%"
"01/15/2023","302.10","305.20","306.10","292.10","297.81K","-1.02%"
"01/14/2023","305.20","293.70","314.30","293.50","726.73K","3.92%"
"01/13/2023","293.70","287.70","295.50","285.00","320.90K","2.08%"
"01/12/2023","287.70","284.60","288.20","279.30","396.31K","1.09%"
"01/11/2023","284.60","277.20","286.79","274.30","269.53K","2.71%"
"01/10/2023","277.10","272.61","278.69","270.71","266.17K","1.65%"
"01/09/2023","272.61","274.61","283.40","271.40","448.39K","-0.73%"
"01/08/2023","274.61","261.30","274.92","260.30","241.53K","5.09%"
"01/07/2023","261.30","259.90","263.59","259.40","118.17K","0.54%"
"01/06/2023","259.90","256.60","260.69","254.90","204.29K","1.29%"
"01/05/2023","256.60","258.90","259.10","255.30","148.87K","-0.93%"
"01/04/2023","259.00","246.20","260.80","245.70","372.96K","5.20%"
"01/03/2023","246.20","245.30","246.90","244.60","115.83K","0.41%"
"01/02/2023","245.20","244.40","247.90","241.20","174.36K","0.33%"
"01/01/2023","244.40","246.10","246.70","243.50","110.05K","-0.69%"
"12/31/2022","246.10","245.80","247.90","244.90","135.16K","0.12%"
"12/30/2022","245.80","246.30","246.60","242.80","129.09K","-0.20%"
"12/29/2022","246.30","244.40","246.70","243.40","164.86K","0.78%"
"12/28/2022","244.40","246.60","247.10","241.90","212.71K","-0.89%"
"12/27/2022","246.60","244.30","248.10","242.30","198.69K","0.94%"
"12/26/2022","244.30","243.20","244.80","242.00","117.70K","0.45%"
"12/25/2022","243.20","244.50","245.80","241.50","126.34K","-0.53%"
"12/24/2022","244.50","246.20","246.20","243.80","99.07K","-0.69%"
"12/23/2022","246.20","245.90","248.40","244.00","179.05K","0.12%"
"12/22/2022","245.90","246.20","248.20","240.40","250.57K","-0.12%"
"12/21/2022","246.20","251.40","251.40","245.40","196.33K","-2.07%"
"12/20/2022","251.40","240.50","253.00","239.40","323.25K","4.54%"
"12/19/2022","240.50","251.00","253.20","237.69","413.64K","-4.18%"
"12/18/2022","251.00","242.00","253.50","239.70","530.96K","3.72%"
"12/17/2022","242.00","231.10","244.00","220.50","794.64K","4.72%"
"12/16/2022","231.10","258.60","264.40","226.09","886.19K","-10.64%"
"12/15/2022","258.60","267.70","268.00","256.60","354.61K","-3.40%"
"12/14/2022","267.70","272.20","278.30","265.80","586.48K","-1.65%"
"12/13/2022","272.20","276.10","281.20","256.20","1.32M","-1.41%"
"12/12/2022","276.10","284.50","285.70","272.71","511.26K","-2.95%"
"12/11/2022","284.50","288.20","291.19","283.50","209.48K","-1.25%"
"12/10/2022","288.10","286.10","289.80","285.80","149.78K","0.73%"
"12/09/2022","286.00","290.50","291.70","285.01","311.72K","-1.55%"
"12/08/2022","290.50","284.10","291.68","282.40","294.82K","2.25%"
"12/07/2022","284.10","290.20","290.69","281.60","376.67K","-2.10%"
"12/06/2022","290.20","288.41","290.69","286.82","259.55K","0.62%"
"12/05/2022","288.41","291.80","297.09","286.21","310.02K","-1.30%"
"12/04/2022","292.19","290.40","292.58","288.30","250.92K","0.62%"
"12/03/2022","290.40","293.50","294.29","290.00","242.27K","-1.06%"
"12/02/2022","293.50","292.10","293.80","285.70","375.98K","0.48%"
"12/01/2022","292.10","300.40","301.80","290.21","817.47K","-2.76%"
"11/30/2022","300.40","295.40","305.10","293.42","486.75K","1.69%"
"11/29/2022","295.39","293.50","305.18","289.22","438.79K","0.68%"
"11/28/2022","293.40","307.60","309.49","287.67","630.46K","-4.62%"
"11/27/2022","307.60","311.20","316.59","306.91","322.34K","-1.16%"
"11/26/2022","311.20","300.69","317.59","300.11","589.31K","3.59%"
"11/25/2022","300.41","300.11","305.16","294.41","481.05K","0.10%"
"11/24/2022","300.11","298.90","303.68","294.31","571.61K","0.47%"
"11/23/2022","298.69","266.68","301.29","265.00","1.26M","12.00%"
"11/22/2022","266.68","254.10","267.77","252.31","371.96K","4.95%"
"11/21/2022","254.10","264.21","264.99","250.60","603.90K","-3.89%"
"11/20/2022","264.39","272.61","273.79","262.02","319.52K","-3.01%"
"11/19/2022","272.61","271.21","273.99","270.60","202.45K","-0.15%"
"11/18/2022","273.00","268.51","274.79","268.51","288.04K","1.68%"
"11/17/2022","268.50","270.20","273.30","263.61","390.45K","-0.63%"
"11/16/2022","270.20","277.00","280.09","269.03","408.65K","-2.46%"
"11/15/2022","277.00","279.00","282.09","273.70","464.58K","-0.72%"
"11/14/2022","279.00","276.70","291.79","268.02","852.65K","0.83%"
"11/13/2022","276.70","282.69","286.39","273.69","467.74K","-2.12%"
"11/12/2022","282.69","290.20","291.83","271.90","563.53K","-2.59%"
"11/11/2022","290.20","304.01","305.79","279.75","715.64K","-4.54%"
"11/10/2022","304.01","266.91","312.00","263.90","1.45M","13.90%"
"11/09/2022","266.91","326.84","332.60","260.52","1.99M","-18.50%"
"11/08/2022","327.50","336.90","393.42","300.16","3.27M","-2.79%"
"11/07/2022","336.90","338.28","344.19","326.74","773.89K","-0.41%"
"11/06/2022","338.28","349.11","355.32","338.28","411.73K","-3.18%"
"11/05/2022","349.40","354.50","360.72","346.36","432.34K","-1.44%"
"11/04/2022","354.50","329.61","358.59","328.31","790.51K","7.55%"
"11/03/2022","329.61","320.20","338.21","318.11","652.49K","2.94%"
"11/02/2022","320.20","323.90","329.31","315.71","590.36K","-1.14%"
"11/01/2022","323.90","325.60","334.49","317.60","575.82K","-0.58%"
"10/31/2022","325.79","313.50","337.10","306.92","1.10M","3.92%"
"10/30/2022","313.50","304.40","318.60","302.40","570.88K","2.99%"
"10/29/2022","304.40","297.81","308.20","295.70","581.02K","2.21%"
"10/28/2022","297.81","286.70","300.81","285.82","436.30K","3.84%"
"10/27/2022","286.80","290.30","293.29","284.90","331.55K","-1.21%"
"10/26/2022","290.30","284.10","291.99","284.10","331.71K","2.18%"
"10/25/2022","284.10","274.10","289.70","272.10","407.25K","3.65%"
"10/24/2022","274.10","275.99","277.20","271.70","162.33K","-0.68%"
"10/23/2022","275.99","270.49","276.69","268.89","144.26K","2.03%"
"10/22/2022","270.49","270.00","271.10","268.40","89.93K","0.18%"
"10/21/2022","270.00","269.00","271.00","263.90","208.64K","0.37%"
"10/20/2022","269.00","272.09","273.30","267.69","176.43K","-1.14%"
"10/19/2022","272.10","273.19","273.79","270.40","161.82K","-0.40%"
"10/18/2022","273.19","275.70","276.00","270.21","206.23K","-0.91%"
"10/17/2022","275.70","272.50","275.90","270.00","197.49K","1.17%"
"10/16/2022","272.50","268.20","273.80","268.00","194.74K","1.60%"
"10/15/2022","268.20","269.50","271.30","267.60","152.00K","-0.48%"
"10/14/2022","269.50","271.70","276.69","268.11","312.39K","-0.81%"
"10/13/2022","271.70","270.81","273.69","257.05","574.01K","0.33%"
"10/12/2022","270.81","271.31","272.80","269.40","178.00K","-0.18%"
"10/11/2022","271.31","271.51","273.80","267.89","236.03K","-0.08%"
"10/10/2022","271.51","278.20","279.10","271.51","227.92K","-2.37%"
"10/09/2022","278.11","276.40","279.40","275.21","179.57K","0.65%"
"10/08/2022","276.30","282.41","282.70","275.60","194.35K","-2.16%"
"10/07/2022","282.41","287.00","287.00","279.78","371.13K","-1.60%"
"10/06/2022","287.00","294.10","297.90","279.48","470.76K","-2.41%"
"10/05/2022","294.10","296.30","296.30","289.41","230.54K","-0.74%"
"10/04/2022","296.30","287.00","298.19","286.30","336.49K","3.24%"
"10/03/2022","287.00","284.70","288.80","283.54","290.09K","0.91%"
"10/02/2022","284.41","282.91","287.80","279.69","213.31K","0.53%"
"10/01/2022","282.91","284.89","285.31","277.99","207.72K","-0.69%"
"09/30/2022","284.89","284.00","289.80","280.69","411.86K","0.31%"
"09/29/2022","284.00","281.60","285.49","277.30","317.64K","0.85%"
"09/28/2022","281.60","272.39","283.69","266.50","376.46K","3.38%"
"09/27/2022","272.40","276.11","286.31","269.61","425.49K","-1.34%"
"09/26/2022","276.11","274.11","276.61","270.90","280.45K","0.73%"
"09/25/2022","274.11","274.59","279.60","271.31","233.52K","-0.18%"
"09/24/2022","274.60","276.70","284.90","274.60","340.89K","-0.79%"
"09/23/2022","276.80","275.30","277.79","269.40","376.67K","0.54%"
"09/22/2022","275.30","264.49","276.20","263.51","353.19K","4.09%"
"09/21/2022","264.49","266.30","276.29","260.71","557.80K","-0.64%"
"09/20/2022","266.21","272.00","273.50","265.49","350.25K","-2.13%"
"09/19/2022","272.00","266.20","272.90","256.71","531.46K","2.18%"
"09/18/2022","266.21","279.09","280.00","264.06","345.83K","-4.62%"
"09/17/2022","279.09","274.90","279.70","274.80","198.67K","1.53%"
"09/16/2022","274.90","271.00","276.40","268.61","325.88K","1.44%"
"09/15/2022","271.00","279.40","280.50","267.19","538.13K","-3.01%"
"09/14/2022","279.40","277.40","282.51","273.42","439.58K","0.72%"
"09/13/2022","277.40","294.10","298.02","275.70","598.91K","-5.58%"
"09/12/2022","293.81","295.40","299.80","290.90","425.02K","-0.54%"
"09/11/2022","295.40","296.60","298.09","291.00","274.90K","-0.41%"
"09/10/2022","296.61","293.40","298.60","290.50","346.49K","1.09%"
"09/09/2022","293.40","280.50","295.69","280.10","566.00K","4.60%"
"09/08/2022","280.50","278.81","282.29","275.70","401.24K","0.61%"
"09/07/2022","278.81","262.30","280.11","258.72","453.82K","6.29%"
"09/06/2022","262.30","276.71","286.20","262.00","666.33K","-5.21%"
"09/05/2022","276.71","278.91","281.21","273.50","271.40K","-0.79%"
"09/04/2022","278.91","277.80","280.30","275.11","203.61K","0.40%"
"09/03/2022","277.80","277.50","278.60","274.40","157.25K","0.11%"
"09/02/2022","277.50","278.40","283.10","274.10","335.98K","-0.29%"
"09/01/2022","278.31","279.20","280.30","270.82","438.34K","-0.29%"
"08/31/2022","279.11","281.50","289.80","277.70","402.50K","-0.85%"
"08/30/2022","281.50","285.90","292.00","276.80","454.39K","-1.54%"
"08/29/2022","285.90","276.49","286.60","272.40","501.73K","3.40%"
"08/28/2022","276.49","277.90","284.00","275.79","329.44K","-0.47%"
"08/27/2022","277.80","279.50","284.50","274.30","432.31K","-0.51%"
"08/26/2022","279.22","301.30","301.61","277.20","616.52K","-7.33%"
"08/25/2022","301.30","296.40","306.70","296.00","416.12K","1.65%"
"08/24/2022","296.40","299.11","300.11","294.50","357.19K","-0.91%"
"08/23/2022","299.11","300.20","301.60","293.90","419.58K","-0.36%"
"08/22/2022","300.20","301.71","304.40","288.89","665.96K","-0.50%"
"08/21/2022","301.71","283.80","303.91","283.60","561.98K","6.31%"
"08/20/2022","283.80","279.11","289.00","277.23","539.84K","1.67%"
"08/19/2022","279.12","298.10","298.10","277.99","913.48K","-6.34%"
"08/18/2022","298.01","306.90","310.39","295.99","434.29K","-2.90%"
"08/17/2022","306.90","316.10","323.62","304.70","530.06K","-2.91%"
"08/16/2022","316.11","319.50","322.30","312.39","390.59K","-1.06%"
"08/15/2022","319.50","317.51","327.11","313.89","478.54K","0.63%"
"08/14/2022","317.51","324.11","330.99","316.00","405.75K","-2.03%"
"08/13/2022","324.10","328.00","332.80","323.00","429.43K","-1.19%"
"08/12/2022","328.00","323.60","328.00","318.09","404.31K","1.36%"
"08/11/2022","323.60","328.80","334.60","322.10","574.50K","-1.58%"
"08/10/2022","328.80","324.40","336.60","313.80","877.79K","1.36%"
"08/09/2022","324.40","324.99","328.10","312.51","530.17K","-0.18%"
"08/08/2022","325.00","322.80","333.51","321.21","617.09K","0.68%"
"08/07/2022","322.80","315.20","325.31","308.67","449.01K","2.47%"
"08/06/2022","315.01","315.90","322.61","312.99","422.57K","-0.28%"
"08/05/2022","315.90","311.80","321.40","308.10","682.09K","1.41%"
"08/04/2022","311.50","297.50","313.10","297.30","849.60K","4.70%"
"08/03/2022","297.50","283.80","305.50","278.31","715.47K","4.83%"
"08/02/2022","283.80","283.49","290.81","274.69","652.87K","0.11%"
"08/01/2022","283.49","283.50","290.40","278.10","517.91K","0.00%"
"07/31/2022","283.50","287.80","296.90","282.21","592.91K","-1.46%"
"07/30/2022","287.70","293.61","299.90","285.10","721.68K","-2.01%"
"07/29/2022","293.61","277.20","301.51","274.90","1.13M","5.92%"
"07/28/2022","277.20","271.60","280.50","263.91","707.00K","2.06%"
"07/27/2022","271.60","249.50","271.89","247.60","687.73K","8.94%"
"07/26/2022","249.30","244.69","249.30","239.70","383.39K","1.88%"
"07/25/2022","244.70","261.49","262.60","244.70","479.42K","-6.42%"
"07/24/2022","261.50","259.20","266.00","257.29","348.73K","0.89%"
"07/23/2022","259.20","262.50","272.31","252.90","510.76K","-1.15%"
"07/22/2022","262.21","265.50","271.30","261.20","527.65K","-1.24%"
"07/21/2022","265.50","258.11","265.90","250.80","569.55K","2.79%"
"07/20/2022","258.30","268.60","272.00","256.70","800.68K","-3.83%"
"07/19/2022","268.60","264.20","274.50","256.00","973.37K","1.51%"
"07/18/2022","264.60","247.80","265.31","247.70","777.09K","6.78%"
"07/17/2022","247.80","249.80","255.50","246.60","463.53K","-0.80%"
"07/16/2022","249.79","238.50","251.00","233.99","461.48K","4.78%"
"07/15/2022","238.40","238.40","242.51","235.60","484.60K","0.00%"
"07/14/2022","238.40","230.59","239.80","227.11","603.25K","3.39%"
"07/13/2022","230.59","220.60","230.89","216.70","754.34K","4.53%"
"07/12/2022","220.60","225.70","228.30","220.29","427.30K","-2.26%"
"07/11/2022","225.70","234.60","234.90","225.29","435.87K","-3.79%"
"07/10/2022","234.60","243.39","243.49","231.89","412.68K","-3.61%"
"07/09/2022","243.39","240.80","244.90","240.70","281.31K","1.08%"
"07/08/2022","240.80","241.49","247.00","237.19","666.74K","-0.29%"
"07/07/2022","241.50","238.49","243.69","235.40","514.19K","1.22%"
"07/06/2022","238.59","231.09","239.81","229.01","683.51K","3.24%"
"07/05/2022","231.09","231.30","236.60","223.12","731.55K","-0.09%"
"07/04/2022","231.30","219.20","232.11","215.09","543.90K","5.52%"
"07/03/2022","219.20","218.20","219.90","214.22","386.92K","0.46%"
"07/02/2022","218.20","216.90","219.70","213.91","367.35K","0.65%"
"07/01/2022","216.79","219.41","226.80","213.60","862.60K","-1.18%"
"06/30/2022","219.39","219.69","220.19","205.90","829.04K","-0.14%"
"06/29/2022","219.69","227.09","229.70","215.70","755.92K","-3.26%"
"06/28/2022","227.09","233.70","242.31","225.99","669.95K","-2.82%"
"06/27/2022","233.69","233.91","240.79","230.40","508.72K","-0.13%"
"06/26/2022","234.00","239.69","244.99","233.40","491.51K","-2.38%"
"06/25/2022","239.69","240.19","241.90","230.00","521.63K","-0.21%"
"06/24/2022","240.19","228.80","243.09","228.40","745.88K","4.97%"
"06/23/2022","228.81","214.10","230.19","214.10","829.96K","6.87%"
"06/22/2022","214.10","220.10","220.79","211.39","736.67K","-2.73%"
"06/21/2022","220.10","216.50","228.39","213.30","884.07K","1.62%"
"06/20/2022","216.60","215.00","218.71","204.89","928.37K","0.74%"
"06/19/2022","215.00","197.09","216.52","189.80","1.18M","9.09%"
"06/18/2022","197.09","215.70","218.90","184.06","1.52M","-8.63%"
"06/17/2022","215.70","210.10","221.80","207.90","732.05K","2.66%"
"06/16/2022","210.10","233.70","236.82","207.90","1.04M","-10.09%"
"06/15/2022","233.70","223.13","234.49","198.99","2.22M","4.61%"
"06/14/2022","223.40","222.71","231.18","204.61","2.11M","0.31%"
"06/13/2022","222.71","254.90","257.69","213.91","2.63M","-12.63%"
"06/12/2022","254.90","269.71","271.80","251.24","922.74K","-5.49%"
"06/11/2022","269.71","286.29","290.40","265.58","666.56K","-5.79%"
"06/10/2022","286.29","289.90","297.40","283.20","902.83K","-1.25%"
"06/09/2022","289.90","288.40","293.40","286.39","368.85K","0.52%"
"06/08/2022","288.41","290.30","294.57","284.12","561.29K","-0.65%"
"06/07/2022","290.30","295.20","295.72","274.17","1.08M","-1.66%"
"06/06/2022","295.20","298.98","312.11","288.46","821.94K","-1.26%"
"06/05/2022","298.98","301.40","302.40","295.00","306.12K","-0.80%"
"06/04/2022","301.40","297.93","302.80","297.32","326.83K","0.90%"
"06/03/2022","298.70","308.41","310.20","293.49","515.22K","-3.15%"
"06/02/2022","308.41","300.49","309.21","298.38","522.00K","2.63%"
"06/01/2022","300.49","320.79","324.29","297.71","886.64K","-6.33%"
"05/31/2022","320.79","321.80","324.60","313.61","751.92K","-0.31%"
"05/30/2022","321.80","305.90","323.70","304.10","1.09M","5.20%"
"05/29/2022","305.90","307.59","308.01","299.01","551.18K","-0.55%"
"05/28/2022","307.59","301.45","310.26","297.10","678.02K","2.16%"
"05/27/2022","301.09","303.19","309.50","291.40","1.60M","-0.70%"
"05/26/2022","303.20","325.79","331.61","298.31","1.59M","-6.93%"
"05/25/2022","325.79","328.30","337.39","324.48","1.12M","-0.76%"
"05/24/2022","328.30","316.98","330.20","313.49","1.16M","3.57%"
"05/23/2022","316.98","319.31","337.00","315.49","1.08M","-0.72%"
"05/22/2022","319.30","312.40","323.39","311.70","673.70K","2.21%"
"05/21/2022","312.40","302.29","314.10","299.50","505.94K","3.35%"
"05/20/2022","302.28","306.99","315.86","294.39","980.10K","-1.50%"
"05/19/2022","306.90","287.61","308.90","287.10","724.79K","6.71%"
"05/18/2022","287.61","306.10","308.30","287.09","767.47K","-6.04%"
"05/17/2022","306.10","297.02","310.60","296.79","737.17K","3.06%"
"05/16/2022","297.00","312.20","312.40","290.40","1.01M","-4.87%"
"05/15/2022","312.20","296.90","312.60","285.90","792.50K","5.15%"
"05/14/2022","296.90","290.89","299.40","272.40","1.12M","2.07%"
"05/13/2022","290.89","268.51","313.10","265.60","1.95M","8.34%"
"05/12/2022","268.51","270.92","284.70","219.98","4.59M","-0.89%"
"05/11/2022","270.92","319.00","322.70","261.48","3.61M","-15.07%"
"05/10/2022","318.99","296.31","332.40","289.80","2.31M","7.66%"
"05/09/2022","296.30","355.79","359.29","296.30","2.28M","-16.74%"
"05/08/2022","355.88","365.48","366.90","350.58","866.37K","-2.63%"
"05/07/2022","365.48","379.11","380.60","360.62","632.40K","-3.60%"
"05/06/2022","379.11","378.48","383.09","370.69","818.35K","0.14%"
"05/05/2022","378.57","402.51","412.81","374.66","1.35M","-5.95%"
"05/04/2022","402.51","383.80","403.09","382.88","651.20K","4.88%"
"05/03/2022","383.79","389.50","392.20","379.89","423.70K","-1.47%"
"05/02/2022","389.50","389.91","392.39","382.39","487.85K","-0.10%"
"05/01/2022","389.89","376.99","391.30","376.00","632.32K","3.42%"
"04/30/2022","377.01","392.99","399.80","376.69","634.84K","-4.07%"
"04/29/2022","392.99","407.19","410.59","390.10","781.51K","-3.49%"
"04/28/2022","407.19","391.31","408.41","388.51","1.03M","4.06%"
"04/27/2022","391.31","385.91","394.61","383.60","633.90K","1.40%"
"04/26/2022","385.91","404.30","407.31","381.21","689.80K","-4.55%"
"04/25/2022","404.30","398.89","405.41","383.00","935.57K","1.35%"
"04/24/2022","398.90","401.12","405.39","397.78","368.20K","-0.55%"
"04/23/2022","401.10","406.60","407.99","398.58","392.09K","-1.35%"
"04/22/2022","406.60","405.00","413.81","403.52","621.07K","0.40%"
"04/21/2022","405.00","418.29","425.81","401.72","830.74K","-3.18%"
"04/20/2022","418.29","422.20","431.12","415.20","749.98K","-0.93%"
"04/19/2022","422.20","416.82","424.53","414.79","663.87K","1.29%"
"04/18/2022","416.82","406.79","418.01","396.41","690.23K","2.46%"
"04/17/2022","406.81","417.10","418.20","405.71","338.55K","-2.47%"
"04/16/2022","417.10","417.22","418.70","411.70","272.23K","-0.03%"
"04/15/2022","417.22","414.70","419.99","412.69","389.03K","0.61%"
"04/14/2022","414.70","423.11","426.89","411.62","529.98K","-1.98%"
"04/13/2022","423.08","413.67","424.49","410.61","724.41K","2.28%"
"04/12/2022","413.67","394.22","416.60","392.57","821.33K","4.94%"
"04/11/2022","394.20","417.82","419.60","391.87","962.78K","-5.65%"
"04/10/2022","417.82","426.83","429.41","417.47","432.81K","-2.11%"
"04/09/2022","426.83","421.58","428.20","419.81","414.75K","1.24%"
"04/08/2022","421.60","436.31","440.71","418.91","769.82K","-3.37%"
"04/07/2022","436.31","420.19","438.49","416.88","803.59K","3.84%"
"04/06/2022","420.19","444.60","444.60","418.55","1.03M","-5.49%"
"04/05/2022","444.60","447.83","459.98","444.29","838.17K","-0.73%"
"04/04/2022","447.87","450.31","450.50","433.63","840.54K","-0.54%"
"04/03/2022","450.30","436.85","455.68","432.30","766.76K","3.09%"
"04/02/2022","436.82","447.61","453.96","435.99","915.82K","-2.41%"
"04/01/2022","447.59","428.84","447.59","413.53","1.08M","4.37%"
"03/31/2022","428.84","442.01","452.11","424.49","1.08M","-2.98%"
"03/30/2022","442.01","434.17","449.20","425.78","856.98K","1.78%"
"03/29/2022","434.27","429.81","441.60","429.70","706.07K","1.04%"
"03/28/2022","429.81","430.71","440.82","428.29","806.52K","-0.21%"
"03/27/2022","430.71","415.82","431.39","411.81","549.35K","3.52%"
"03/26/2022","416.08","410.21","416.40","407.50","318.19K","1.43%"
"03/25/2022","410.21","414.29","421.49","405.63","664.78K","-0.98%"
"03/24/2022","414.29","408.41","416.50","405.38","654.66K","1.46%"
"03/23/2022","408.32","404.21","411.61","398.38","584.51K","1.02%"
"03/22/2022","404.21","396.08","409.90","394.99","671.45K","2.05%"
"03/21/2022","396.09","390.82","399.21","385.59","595.93K","1.35%"
"03/20/2022","390.82","399.91","400.61","386.41","447.96K","-2.29%"
"03/19/2022","400.00","397.20","406.10","395.10","520.29K","0.70%"
"03/18/2022","397.20","391.90","400.00","384.10","216.45M","1.35%"
"03/17/2022","391.90","385.30","393.20","381.80","220.72M","1.69%"
"03/16/2022","385.40","371.60","386.50","368.10","252.61M","3.77%"
"03/15/2022","371.40","373.30","374.60","362.30","162.42M","-0.51%"
"03/14/2022","373.30","361.60","373.90","359.80","171.96M","3.24%"
"03/13/2022","361.60","372.40","377.10","360.20","157.45M","-2.90%"
"03/12/2022","372.40","371.90","379.20","371.30","151.35M","0.13%"
"03/11/2022","371.90","372.00","379.70","364.90","189.86M","-0.05%"
"03/10/2022","372.10","393.10","394.50","363.20","296.48M","-5.34%"
"03/09/2022","393.10","381.40","402.30","381.10","399.54M","2.96%"
"03/08/2022","381.80","381.10","387.90","377.20","247.92M","0.18%"
"03/07/2022","381.10","375.00","385.50","363.20","356.42M","1.65%"
"03/06/2022","374.90","384.70","387.20","372.90","185.66M","-2.55%"
"03/05/2022","384.70","374.50","387.20","367.80","171.62M","2.72%"
"03/04/2022","374.50","402.60","403.39","372.09","294.17M","-6.98%"
"03/03/2022","402.60","409.20","413.08","397.60","648.92K","-1.61%"
"03/02/2022","409.20","408.59","415.59","403.90","874.33K","0.15%"
"03/01/2022","408.59","395.61","420.35","391.00","1.48M","3.28%"
"02/28/2022","395.61","359.92","397.09","356.00","815.14K","9.92%"
"02/27/2022","359.91","373.60","380.90","358.21","726.15K","-3.59%"
"02/26/2022","373.31","375.17","385.60","370.60","584.74K","-0.42%"
"02/25/2022","374.89","361.19","376.90","357.09","834.85K","3.82%"
"02/24/2022","361.10","365.69","369.80","323.89","2.03M","-1.26%"
"02/23/2022","365.69","374.20","383.82","365.60","739.08K","-2.27%"
"02/22/2022","374.20","356.52","374.92","349.30","984.89K","4.96%"
"02/21/2022","356.50","380.32","393.61","355.01","1.27M","-6.26%"
"02/20/2022","380.31","399.70","399.99","375.39","667.90K","-4.85%"
"02/19/2022","399.70","399.21","406.31","393.21","448.75K","0.12%"
"02/18/2022","399.20","402.97","410.99","392.89","657.32K","-0.94%"
"02/17/2022","402.97","427.38","431.00","400.19","713.82K","-5.71%"
"02/16/2022","427.38","432.31","433.30","422.80","661.38K","-1.12%"
"02/15/2022","432.21","403.49","441.20","402.70","1.24M","7.12%"
"02/14/2022","403.49","397.83","404.20","390.61","500.69K","1.43%"
"02/13/2022","397.80","403.22","407.02","394.90","426.23K","-1.34%"
"02/12/2022","403.20","400.16","406.90","393.59","569.68K","0.75%"
"02/11/2022","400.19","414.89","418.80","392.90","767.57K","-3.54%"
"02/10/2022","414.89","422.81","434.69","410.50","1.02M","-1.87%"
"02/09/2022","422.80","407.71","427.30","407.31","686.30K","3.70%"
"02/08/2022","407.72","433.29","444.86","406.41","1.22M","-5.90%"
"02/07/2022","433.29","420.01","438.61","413.59","810.27K","3.16%"
"02/06/2022","420.00","413.99","421.30","407.79","576.76K","1.45%"
"02/05/2022","413.99","399.49","430.88","396.60","1.10M","3.63%"
"02/04/2022","399.49","371.88","399.49","369.62","924.97K","7.42%"
"02/03/2022","371.88","367.10","371.90","359.82","535.06K","1.30%"
"02/02/2022","367.10","384.21","386.11","366.30","612.86K","-4.45%"
"02/01/2022","384.21","374.31","388.02","374.01","594.73K","2.67%"
"01/31/2022","374.21","377.50","385.20","365.59","658.95K","-0.87%"
"01/30/2022","377.50","389.29","389.49","372.81","572.48K","-3.03%"
"01/29/2022","389.29","386.00","396.92","381.21","579.88K","0.85%"
"01/28/2022","386.00","390.03","395.13","376.19","812.65K","-1.03%"
"01/27/2022","390.03","374.91","393.00","360.10","1.05M","4.03%"
"01/26/2022","374.91","384.88","401.34","366.40","1.16M","-2.59%"
"01/25/2022","384.88","371.59","387.97","357.79","1.10M","3.58%"
"01/24/2022","371.58","384.10","384.10","336.82","2.04M","-3.26%"
"01/23/2022","384.10","358.30","388.89","356.60","1.37M","7.14%"
"01/22/2022","358.50","384.30","388.99","337.57","2.71M","-6.71%"
"01/21/2022","384.30","440.43","444.31","374.98","1.99M","-12.74%"
"01/20/2022","440.43","462.27","478.29","438.49","1.22M","-4.73%"
"01/19/2022","462.28","471.21","472.80","454.09","626.89K","-1.89%"
"01/18/2022","471.21","475.01","479.31","457.50","749.84K","-0.80%"
"01/17/2022","475.01","498.50","498.98","467.40","805.11K","-4.71%"
"01/16/2022","498.50","494.49","505.59","488.90","549.92K","0.77%"
"01/15/2022","494.67","490.00","500.80","485.30","607.71K","0.95%"
"01/14/2022","490.00","475.12","492.08","468.29","896.28K","3.14%"
"01/13/2022","475.09","487.04","488.90","467.09","994.44K","-2.45%"
"01/12/2022","487.01","463.51","489.60","456.71","883.73K","5.08%"
"01/11/2022","463.48","424.81","467.50","421.50","1.35M","9.10%"
"01/10/2022","424.81","438.60","445.40","407.67","1.29M","-3.14%"
"01/09/2022","438.60","429.32","444.40","427.31","751.21K","2.16%"
"01/08/2022","429.32","447.90","459.30","417.13","1.12M","-4.11%"
"01/07/2022","447.71","472.89","473.70","438.20","1.38M","-5.33%"
"01/06/2022","472.89","473.61","481.30","459.41","1.02M","-0.15%"
"01/05/2022","473.61","506.99","515.81","459.04","1.03M","-6.59%"
"01/04/2022","507.00","511.70","519.70","502.40","724.32K","-0.92%"
"01/03/2022","511.70","531.00","532.60","510.21","700.85K","-3.68%"
"01/02/2022","531.28","527.41","533.59","518.40","435.89K","0.74%"
"01/01/2022","527.40","511.70","527.51","511.60","478.60K","3.07%"
"12/31/2021","511.70","518.50","528.10","507.11","726.07K","-1.31%"
"12/30/2021","518.50","514.50","527.60","508.81","676.81K","0.83%"
"12/29/2021","514.22","534.21","540.40","511.20","776.59K","-3.74%"
"12/28/2021","534.19","563.59","563.60","529.27","1.05M","-5.17%"
"12/27/2021","563.30","546.49","571.60","543.29","844.13K","3.08%"
"12/26/2021","546.49","547.33","549.20","536.39","579.22K","-0.15%"
"12/25/2021","547.33","541.78","550.40","539.67","500.45K","1.02%"
"12/24/2021","541.78","548.70","554.12","537.96","728.05K","-1.26%"
"12/23/2021","548.70","533.43","552.31","524.73","897.97K","2.86%"
"12/22/2021","533.43","528.50","544.50","527.40","778.93K","0.93%"
"12/21/2021","528.50","523.34","535.19","517.51","705.94K","0.99%"
"12/20/2021","523.31","529.90","534.59","506.31","767.19K","-1.24%"
"12/19/2021","529.90","534.19","544.21","527.51","575.84K","-0.81%"
"12/18/2021","534.20","525.90","537.69","516.70","614.60K","1.58%"
"12/17/2021","525.90","526.01","535.42","511.30","959.71K","-0.02%"
"12/16/2021","526.01","541.10","545.02","525.30","777.27K","-2.79%"
"12/15/2021","541.10","528.30","546.23","502.09","1.23M","2.42%"
"12/14/2021","528.30","520.88","535.68","510.21","1.37M","1.42%"
"12/13/2021","520.88","570.51","572.11","512.07","1.11M","-8.70%"
"12/12/2021","570.51","563.24","574.01","559.51","594.62K","1.29%"
"12/11/2021","563.24","552.53","572.16","542.33","1.02M","1.94%"
"12/10/2021","552.53","570.77","594.92","551.46","1.19M","-3.20%"
"12/09/2021","570.78","606.90","616.24","567.92","1.20M","-5.95%"
"12/08/2021","606.90","578.69","607.49","567.51","1.22M","4.87%"
"12/07/2021","578.70","588.59","593.41","572.30","1.11M","-1.68%"
"12/06/2021","588.59","557.61","592.61","533.30","2.16M","5.56%"
"12/05/2021","557.60","568.60","581.81","542.72","1.30M","-1.94%"
"12/04/2021","568.62","594.62","595.90","495.12","2.71M","-4.37%"
"12/03/2021","594.62","620.21","627.80","576.78","1.33M","-4.13%"
"12/02/2021","620.21","627.32","629.72","605.61","1.17M","-1.13%"
"12/01/2021","627.32","621.51","649.59","618.72","1.46M","0.66%"
"11/30/2021","623.23","623.60","634.52","603.71","1.46M","-0.06%"
"11/29/2021","623.61","611.58","628.62","601.99","1.15M","1.96%"
"11/28/2021","611.61","600.30","612.57","573.96","1.36M","1.88%"
"11/27/2021","600.30","587.62","621.19","584.30","1.27M","2.62%"
"11/26/2021","584.96","639.17","657.70","564.63","2.54M","-8.43%"
"11/25/2021","638.79","590.61","646.51","587.72","1.62M","8.16%"
"11/24/2021","590.61","591.10","593.89","577.40","1.14M","-0.12%"
"11/23/2021","591.30","559.69","604.80","558.30","1.26M","5.65%"
"11/22/2021","559.69","585.14","585.14","554.30","1.20M","-4.35%"
"11/21/2021","585.14","604.28","604.91","580.11","1.03M","-3.17%"
"11/20/2021","604.28","581.00","604.70","573.58","1.18M","3.99%"
"11/19/2021","581.09","531.89","585.39","524.70","1.38M","9.11%"
"11/18/2021","532.56","578.30","587.90","517.13","1.82M","-7.91%"
"11/17/2021","578.31","588.91","592.50","554.64","1.55M","-1.80%"
"11/16/2021","588.91","633.81","634.51","574.03","2.30M","-7.04%"
"11/15/2021","633.51","650.80","659.20","631.30","992.20K","-2.66%"
"11/14/2021","650.80","649.50","660.20","634.81","987.16K","0.20%"
"11/13/2021","649.50","626.92","654.70","620.80","944.98K","3.60%"
"11/12/2021","626.91","627.91","634.50","603.90","1.07M","-0.30%"
"11/11/2021","628.80","614.80","634.80","606.01","1.07M","2.28%"
"11/10/2021","614.81","634.90","662.60","575.72","1.89M","-3.06%"
"11/09/2021","634.24","653.79","656.68","632.11","930.88K","-2.99%"
"11/08/2021","653.79","649.50","655.49","631.70","1.35M","0.66%"
"11/07/2021","649.50","636.30","668.80","630.91","1.54M","2.07%"
"11/06/2021","636.30","607.31","636.30","595.99","1.43M","4.77%"
"11/05/2021","607.31","558.70","614.61","554.42","2.12M","8.61%"
"11/04/2021","559.16","568.48","568.69","543.82","1.15M","-1.63%"
"11/03/2021","568.40","554.28","569.87","537.61","1.38M","2.55%"
"11/02/2021","554.28","551.50","563.70","537.62","1.28M","0.50%"
"11/01/2021","551.53","524.65","551.91","511.74","1.44M","5.16%"
"10/31/2021","524.46","528.20","534.89","509.32","1.16M","-0.71%"
"10/30/2021","528.20","529.61","540.31","512.18","1.19M","-0.25%"
"10/29/2021","529.52","492.09","533.60","488.99","1.57M","7.61%"
"10/28/2021","492.09","448.70","494.69","446.60","1.69M","9.67%"
"10/27/2021","448.69","478.02","486.29","438.55","1.51M","-6.13%"
"10/26/2021","478.01","484.91","489.58","474.17","795.25K","-1.42%"
"10/25/2021","484.91","475.70","488.58","474.82","720.34K","1.92%"
"10/24/2021","475.80","485.41","486.42","468.02","668.75K","-1.98%"
"10/23/2021","485.41","478.83","485.41","472.91","597.10K","1.38%"
"10/22/2021","478.83","470.92","497.89","470.92","1.23M","1.64%"
"10/21/2021","471.10","501.30","504.79","467.26","2.02M","-5.99%"
"10/20/2021","501.11","488.10","505.62","482.35","1.05M","2.67%"
"10/19/2021","488.10","485.00","497.40","481.10","1.01M","0.64%"
"10/18/2021","485.00","470.91","487.20","467.22","1.20M","3.04%"
"10/17/2021","470.71","465.12","472.40","455.77","978.52K","1.20%"
"10/16/2021","465.12","474.31","484.40","462.43","1.14M","-1.94%"
"10/15/2021","474.31","472.42","477.41","452.85","1.64M","0.40%"
"10/14/2021","472.42","470.41","482.59","461.80","1.56M","0.43%"
"10/13/2021","470.41","444.39","471.60","434.08","3.59M","6.03%"
"10/12/2021","443.65","413.39","444.01","392.49","2.12M","7.32%"
"10/11/2021","413.38","404.19","423.86","400.42","836.99K","2.27%"
"10/10/2021","404.19","421.72","422.18","402.41","802.32K","-4.15%"
"10/09/2021","421.69","418.70","425.88","416.51","695.80K","0.71%"
"10/08/2021","418.70","438.21","441.59","416.00","1.65M","-4.45%"
"10/07/2021","438.21","434.79","449.89","424.11","1.28M","0.76%"
"10/06/2021","434.88","442.19","442.79","414.91","1.36M","-1.66%"
"10/05/2021","442.21","426.39","443.90","424.21","973.60K","3.69%"
"10/04/2021","426.48","430.32","430.87","411.61","1.07M","-0.89%"
"10/03/2021","430.32","427.18","436.89","422.34","936.53K","0.73%"
"10/02/2021","427.22","421.31","438.00","410.80","1.22M","1.40%"
"10/01/2021","421.31","387.59","423.30","381.79","1.57M","8.70%"
"09/30/2021","387.59","367.49","388.49","366.49","1.25M","5.47%"
"09/29/2021","367.51","332.91","375.01","331.57","1.85M","10.38%"
"09/28/2021","332.94","335.32","344.41","330.01","1.02M","-0.71%"
"09/27/2021","335.32","344.52","357.50","335.30","1.04M","-2.67%"
"09/26/2021","344.53","349.51","352.62","320.10","1.69M","-1.43%"
"09/25/2021","349.51","355.10","360.49","343.72","967.04K","-1.57%"
"09/24/2021","355.10","383.53","384.99","334.67","1.79M","-7.44%"
"09/23/2021","383.63","378.82","384.49","369.21","1.04M","1.27%"
"09/22/2021","378.83","343.36","379.89","342.42","1.15M","10.35%"
"09/21/2021","343.30","364.17","375.69","337.35","1.71M","-5.58%"
"09/20/2021","363.60","408.39","409.60","355.33","2.02M","-10.97%"
"09/19/2021","408.39","410.70","418.95","403.45","819.71K","-0.56%"
"09/18/2021","410.70","406.22","419.87","401.63","810.07K","1.11%"
"09/17/2021","406.21","424.22","425.79","401.37","923.27K","-4.24%"
"09/16/2021","424.22","431.20","433.90","415.99","1.12M","-1.60%"
"09/15/2021","431.10","414.29","436.39","410.10","1.27M","4.06%"
"09/14/2021","414.29","399.00","414.29","396.11","997.13K","3.83%"
"09/13/2021","399.00","416.98","419.39","385.32","1.62M","-4.31%"
"09/12/2021","416.99","405.10","421.29","398.00","1.03M","2.94%"
"09/11/2021","405.10","401.10","415.09","399.52","967.25K","1.00%"
"09/10/2021","401.10","421.20","438.89","393.91","1.59M","-4.77%"
"09/09/2021","421.20","414.61","435.59","404.11","1.60M","1.59%"
"09/08/2021","414.60","417.32","425.48","383.71","2.17M","-0.65%"
"09/07/2021","417.31","496.11","504.58","373.12","3.54M","-15.88%"
"09/06/2021","496.11","504.49","508.86","487.85","1.18M","-1.66%"
"09/05/2021","504.49","497.40","505.17","488.91","926.28K","1.43%"
"09/04/2021","497.40","488.49","509.75","485.62","1.31M","1.88%"
"09/03/2021","488.20","483.84","494.49","473.55","1.15M","0.90%"
"09/02/2021","483.84","489.39","504.56","478.16","1.29M","-1.21%"
"09/01/2021","489.78","464.29","489.98","455.51","1.36M","5.49%"
"08/31/2021","464.29","460.10","477.08","452.50","1.52M","0.91%"
"08/30/2021","460.10","479.82","480.87","457.43","1.16M","-4.07%"
"08/29/2021","479.63","486.00","495.47","476.81","945.02K","-1.31%"
"08/28/2021","486.01","494.48","496.78","482.71","925.23K","-1.71%"
"08/27/2021","494.48","477.83","494.88","467.52","1.60M","3.48%"
"08/26/2021","477.83","503.44","518.58","472.73","2.29M","-5.09%"
"08/25/2021","503.44","471.95","506.84","470.14","2.30M","6.67%"
"08/24/2021","471.95","499.79","504.05","461.33","2.14M","-5.57%"
"08/23/2021","499.79","448.68","508.85","447.02","2.72M","11.39%"
"08/22/2021","448.68","448.64","458.23","438.03","1.17M","0.01%"
"08/21/2021","448.64","454.89","459.99","444.81","1.47M","-1.37%"
"08/20/2021","454.87","431.42","457.54","421.98","1.73M","5.44%"
"08/19/2021","431.42","396.44","431.42","391.07","1.89M","8.81%"
"08/18/2021","396.48","401.94","412.07","386.69","1.81M","-1.36%"
"08/17/2021","401.94","416.08","435.64","399.39","2.04M","-3.40%"
"08/16/2021","416.08","414.10","436.64","411.06","1.90M","0.48%"
"08/15/2021","414.10","408.91","414.88","396.65","1.28M","1.27%"
"08/14/2021","408.91","410.89","418.76","400.43","1.49M","-0.48%"
"08/13/2021","410.90","385.51","411.03","383.00","1.30M","6.59%"
"08/12/2021","385.51","391.48","406.08","371.80","1.90M","-1.52%"
"08/11/2021","391.48","371.90","408.17","371.12","1.97M","5.26%"
"08/10/2021","371.90","354.50","376.20","348.97","1.71M","4.91%"
"08/09/2021","354.50","341.83","357.34","333.53","1.33M","3.70%"
"08/08/2021","341.83","356.18","359.78","337.08","1.32M","-4.06%"
"08/07/2021","356.28","342.08","359.58","340.65","1.59M","4.15%"
"08/06/2021","342.08","337.88","347.00","331.43","1.31M","1.24%"
"08/05/2021","337.88","334.89","339.91","323.71","1.30M","0.89%"
"08/04/2021","334.89","323.39","337.04","319.97","1.01M","3.62%"
"08/03/2021","323.19","330.86","334.61","317.70","1.18M","-2.32%"
"08/02/2021","330.86","332.76","338.06","326.39","1.15M","-0.58%"
"08/01/2021","332.78","332.32","347.44","329.82","1.70M","0.11%"
"07/31/2021","332.41","322.61","337.95","317.64","1.55M","3.03%"
"07/30/2021","322.63","316.72","325.26","306.75","1.45M","1.87%"
"07/29/2021","316.72","313.76","319.97","309.08","1.13M","0.94%"
"07/28/2021","313.76","313.69","318.59","308.53","1.47M","0.03%"
"07/27/2021","313.67","304.31","318.25","298.53","1.89M","3.08%"
"07/26/2021","304.31","302.60","327.62","301.19","2.86M","0.58%"
"07/25/2021","302.57","302.55","303.09","292.85","1.25M","-0.19%"
"07/24/2021","303.15","298.91","305.01","296.16","1.81M","1.42%"
"07/23/2021","298.89","293.51","301.15","281.68","1.98M","1.83%"
"07/22/2021","293.53","293.08","297.69","287.55","1.47M","0.15%"
"07/21/2021","293.08","264.59","298.69","261.51","2.18M","10.77%"
"07/20/2021","264.59","280.48","283.25","255.79","2.25M","-5.66%"
"07/19/2021","280.47","302.16","303.49","279.38","1.63M","-7.18%"
"07/18/2021","302.18","300.34","309.00","299.60","1.03M","0.62%"
"07/17/2021","300.31","302.88","306.41","295.11","1.31M","-0.84%"
"07/16/2021","302.84","315.62","323.21","301.85","1.77M","-4.04%"
"07/15/2021","315.58","309.49","324.15","301.92","2.49M","1.98%"
"07/14/2021","309.45","308.96","313.29","290.93","1.65M","0.15%"
"07/13/2021","308.98","316.15","318.16","305.35","1.08M","-2.27%"
"07/12/2021","316.17","321.91","334.34","308.77","1.52M","-1.77%"
"07/11/2021","321.88","316.07","326.55","312.28","929.54K","1.84%"
"07/10/2021","316.07","316.77","321.20","310.82","958.95K","-0.22%"
"07/09/2021","316.77","310.52","319.48","302.28","1.28M","2.01%"
"07/08/2021","310.52","327.65","328.17","307.04","1.89M","-5.24%"
"07/07/2021","327.68","320.01","339.36","318.33","2.02M","2.39%"
"07/06/2021","320.02","302.01","321.89","301.95","2.34M","5.86%"
"07/05/2021","302.31","307.88","307.88","292.40","1.62M","-1.81%"
"07/04/2021","307.88","299.25","314.73","299.10","1.50M","2.88%"
"07/03/2021","299.25","287.37","302.93","283.06","1.11M","4.13%"
"07/02/2021","287.38","287.64","290.58","276.78","1.18M","-0.09%"
"07/01/2021","287.63","303.24","303.41","281.40","1.62M","-5.15%"
"06/30/2021","303.25","299.88","304.71","281.84","2.36M","1.12%"
"06/29/2021","299.88","289.85","315.04","289.27","2.43M","3.47%"
"06/28/2021","289.83","290.87","298.93","283.91","2.16M","-0.35%"
"06/27/2021","290.86","279.45","291.08","270.00","1.79M","4.08%"
"06/26/2021","279.45","281.15","290.05","264.47","2.63M","-0.60%"
"06/25/2021","281.13","308.57","314.08","275.62","3.26M","-8.81%"
"06/24/2021","308.31","296.13","316.20","281.74","3.12M","4.11%"
"06/23/2021","296.14","261.47","309.45","251.90","4.07M","13.27%"
"06/22/2021","261.45","271.81","290.65","225.93","6.75M","-3.80%"
"06/21/2021","271.80","339.09","341.52","269.45","4.55M","-19.94%"
"06/20/2021","339.47","334.15","340.38","310.54","1.99M","1.58%"
"06/19/2021","334.19","336.71","344.33","331.88","1.33M","-0.74%"
"06/18/2021","336.67","352.66","357.03","327.39","1.95M","-4.53%"
"06/17/2021","352.64","347.14","362.36","346.18","1.53M","1.58%"
"06/16/2021","347.15","366.77","366.77","343.49","1.89M","-5.35%"
"06/15/2021","366.78","370.08","379.49","363.84","1.90M","-0.89%"
"06/14/2021","370.06","365.83","377.02","355.23","2.42M","1.16%"
"06/13/2021","365.83","343.26","369.00","330.64","2.39M","6.58%"
"06/12/2021","343.23","345.59","348.75","325.63","2.55M","-0.65%"
"06/11/2021","345.46","351.46","365.51","341.53","2.71M","-1.70%"
"06/10/2021","351.43","375.53","376.81","344.96","2.96M","-6.36%"
"06/09/2021","375.29","352.54","378.44","333.69","4.24M","6.42%"
"06/08/2021","352.64","358.05","365.89","320.39","5.99M","-1.52%"
"06/07/2021","358.08","393.23","406.99","354.55","3.60M","-8.93%"
"06/06/2021","393.20","390.09","399.82","382.07","2.27M","0.80%"
"06/05/2021","390.09","390.68","425.57","374.62","4.79M","-0.23%"
"06/04/2021","390.97","428.47","428.71","366.56","5.92M","-8.56%"
"06/03/2021","427.59","401.13","432.58","391.83","5.06M","6.60%"
"06/02/2021","401.12","362.39","417.41","351.19","5.26M","10.69%"
"06/01/2021","362.39","353.63","364.16","340.56","4.42M","2.45%"
"05/31/2021","353.74","325.60","355.43","307.90","4.97M","8.65%"
"05/30/2021","325.59","304.81","337.77","291.72","4.52M","6.83%"
"05/29/2021","304.76","329.31","346.88","296.43","4.57M","-7.45%"
"05/28/2021","329.31","369.79","373.28","313.42","6.31M","-10.38%"
"05/27/2021","367.46","379.20","387.17","340.81","5.18M","-3.10%"
"05/26/2021","379.22","343.76","387.25","337.40","5.82M","10.31%"
"05/25/2021","343.77","345.44","374.86","307.55","7.93M","-0.36%"
"05/24/2021","345.02","261.56","349.89","257.97","8.07M","31.90%"
"05/23/2021","261.57","299.25","312.85","212.41","9.23M","-12.59%"
"05/22/2021","299.25","326.44","334.69","286.50","5.57M","-8.33%"
"05/21/2021","326.44","391.12","414.79","276.78","9.21M","-16.86%"
"05/20/2021","392.64","335.09","423.50","287.48","8.49M","17.16%"
"05/19/2021","335.12","508.27","515.55","282.30","11.92M","-34.07%"
"05/18/2021","508.28","511.79","533.45","496.65","2.86M","-0.68%"
"05/17/2021","511.76","563.37","563.38","484.30","4.24M","-9.17%"
"05/16/2021","563.41","562.84","606.53","535.01","3.07M","0.10%"
"05/15/2021","562.85","602.44","610.39","560.58","2.38M","-6.57%"
"05/14/2021","602.46","571.76","614.69","566.69","2.30M","5.37%"
"05/13/2021","571.76","585.61","632.91","527.16","5.74M","-2.36%"
"05/12/2021","585.60","671.61","684.51","585.35","2.92M","-12.89%"
"05/11/2021","672.26","631.66","672.98","622.87","2.78M","6.42%"
"05/10/2021","631.68","661.65","690.87","592.52","3.24M","-4.53%"
"05/09/2021","661.65","646.17","678.27","631.44","2.45M","2.39%"
"05/08/2021","646.18","624.35","657.77","618.73","2.33M","3.55%"
"05/07/2021","624.02","633.99","644.14","612.12","2.26M","-1.46%"
"05/06/2021","633.28","650.81","653.58","620.02","2.35M","-2.72%"
"05/05/2021","650.99","620.81","656.35","620.55","2.55M","5.01%"
"05/04/2021","619.96","676.25","677.67","619.79","4.13M","-8.37%"
"05/03/2021","676.56","621.96","679.98","621.56","3.14M","8.78%"
"05/02/2021","621.95","619.91","628.93","595.75","2.35M","0.34%"
"05/01/2021","619.84","623.25","643.21","611.49","2.72M","-0.56%"
"04/30/2021","623.33","599.89","627.71","586.03","3.75M","3.82%"
"04/29/2021","600.38","563.22","614.64","554.73","4.73M","6.74%"
"04/28/2021","562.49","568.80","578.80","539.59","2.67M","-1.11%"
"04/27/2021","568.80","535.22","578.33","525.76","2.95M","6.27%"
"04/26/2021","535.23","504.29","549.96","502.41","3.25M","6.14%"
"04/25/2021","504.29","497.46","516.91","479.40","2.64M","1.37%"
"04/24/2021","497.50","526.52","527.18","483.39","3.16M","-5.52%"
"04/23/2021","526.56","505.12","529.95","450.94","7.19M","4.10%"
"04/22/2021","505.84","543.30","582.15","482.81","6.69M","-6.90%"
"04/21/2021","543.34","587.45","612.86","537.64","5.96M","-7.52%"
"04/20/2021","587.50","503.98","588.98","474.35","5.96M","16.57%"
"04/19/2021","503.97","481.47","539.96","469.31","5.23M","4.68%"
"04/18/2021","481.42","515.10","520.00","429.96","4.66M","-6.54%"
"04/17/2021","515.13","508.25","547.78","506.90","3.06M","1.26%"
"04/16/2021","508.73","542.30","547.51","491.21","4.33M","-6.19%"
"04/15/2021","542.31","549.65","556.32","534.85","2.41M","-1.33%"
"04/14/2021","549.61","550.13","590.36","525.39","4.36M","-0.09%"
"04/13/2021","550.10","596.59","602.31","533.30","5.62M","-8.10%"
"04/12/2021","598.62","525.54","636.11","515.56","9.53M","13.91%"
"04/11/2021","525.54","471.54","528.95","459.50","3.77M","11.28%"
"04/10/2021","472.25","453.50","486.69","451.23","4.81M","4.14%"
"04/09/2021","453.50","418.60","453.50","404.83","3.80M","8.57%"
"04/08/2021","417.71","375.47","421.63","372.48","4.25M","11.25%"
"04/07/2021","375.47","402.69","414.08","358.20","6.40M","-6.76%"
"04/06/2021","402.69","367.41","411.60","364.20","4.69M","9.60%"
"04/05/2021","367.41","349.36","379.45","335.86","3.67M","5.16%"
"04/04/2021","349.37","321.91","352.21","316.54","2.90M","8.66%"
"04/03/2021","321.53","338.82","348.99","316.06","3.29M","-4.94%"
"04/02/2021","338.25","334.33","356.51","326.06","4.45M","1.17%"
"04/01/2021","334.33","302.19","339.00","300.79","4.61M","10.64%"
"03/31/2021","302.18","311.41","316.44","287.24","4.95M","-2.96%"
"03/30/2021","311.41","275.12","311.41","271.30","5.78M","13.19%"
"03/29/2021","275.12","268.87","277.49","264.92","2.90M","2.32%"
"03/28/2021","268.87","269.31","281.24","261.24","3.50M","-0.17%"
"03/27/2021","269.32","254.99","275.91","249.86","3.29M","5.62%"
"03/26/2021","254.99","233.96","255.09","233.95","2.79M","8.85%"
"03/25/2021","234.25","248.60","249.72","225.90","3.74M","-5.77%"
"03/24/2021","248.59","255.45","268.60","240.41","3.50M","-2.68%"
"03/23/2021","255.43","254.85","262.75","252.27","2.82M","0.16%"
"03/22/2021","255.03","264.74","276.81","253.43","3.44M","-3.67%"
"03/21/2021","264.74","264.39","267.92","257.12","2.12M","0.24%"
"03/20/2021","264.10","263.14","274.49","261.65","2.52M","0.36%"
"03/19/2021","263.15","261.28","269.00","255.39","2.41M","0.79%"
"03/18/2021","261.09","269.85","277.73","257.70","3.33M","-3.25%"
"03/17/2021","269.86","258.29","271.04","249.02","3.02M","4.48%"
"03/16/2021","258.28","254.24","259.13","241.44","3.19M","1.60%"
"03/15/2021","254.22","264.21","267.59","250.05","3.54M","-3.79%"
"03/14/2021","264.25","275.89","276.77","264.25","2.58M","-4.22%"
"03/13/2021","275.89","263.42","283.56","255.95","4.11M","4.73%"
"03/12/2021","263.42","290.07","290.22","251.44","6.19M","-9.19%"
"03/11/2021","290.07","278.15","314.44","272.98","6.91M","4.29%"
"03/10/2021","278.15","293.00","295.31","268.74","6.32M","-5.07%"
"03/09/2021","292.99","240.59","297.08","235.87","8.18M","21.78%"
"03/08/2021","240.59","240.03","242.78","229.09","3.21M","0.24%"
"03/07/2021","240.02","226.26","243.72","225.20","3.71M","6.08%"
"03/06/2021","226.26","225.64","232.25","219.73","2.84M","0.28%"
"03/05/2021","225.63","229.69","230.91","215.91","3.90M","-1.77%"
"03/04/2021","229.70","240.62","249.66","225.65","4.24M","-4.63%"
"03/03/2021","240.85","239.48","254.37","236.51","4.51M","0.58%"
"03/02/2021","239.46","254.73","264.41","227.61","5.71M","-5.99%"
"03/01/2021","254.72","210.04","259.51","209.51","8.32M","21.27%"
"02/28/2021","210.04","225.54","228.47","195.22","6.00M","-6.68%"
"02/27/2021","225.07","222.08","237.70","219.32","4.46M","1.35%"
"02/26/2021","222.08","233.70","238.71","209.98","7.82M","-4.97%"
"02/25/2021","233.70","254.26","264.46","232.19","7.22M","-8.09%"
"02/24/2021","254.26","231.71","280.66","213.89","12.30M","9.73%"
"02/23/2021","231.72","267.42","268.69","188.71","16.50M","-13.35%"
"02/22/2021","267.43","293.77","295.15","222.44","13.34M","-8.97%"
"02/21/2021","293.76","254.33","308.54","249.64","11.49M","15.49%"
"02/20/2021","254.36","332.74","334.15","223.93","14.42M","-23.56%"
"02/19/2021","332.74","195.74","346.82","195.07","21.23M","69.99%"
"02/18/2021","195.74","165.38","199.66","163.11","11.91M","18.36%"
"02/17/2021","165.38","130.09","175.33","126.91","10.82M","27.13%"
"02/16/2021","130.09","129.99","133.43","126.34","3.57M","0.08%"
"02/15/2021","129.98","135.97","142.07","118.64","5.26M","-4.41%"
"02/14/2021","135.98","133.09","138.78","128.53","4.90M","2.18%"
"02/13/2021","133.07","136.64","138.47","125.07","4.20M","-2.52%"
"02/12/2021","136.52","124.03","140.93","121.10","6.22M","10.07%"
"02/11/2021","124.03","128.73","132.76","118.07","6.54M","-3.64%"
"02/10/2021","128.72","107.61","148.27","107.61","18.37M","19.62%"
"02/09/2021","107.60","79.73","115.33","78.23","13.65M","35.00%"
"02/08/2021","79.71","68.41","79.75","67.72","8.52M","16.53%"
"02/07/2021","68.40","72.86","74.62","64.35","6.25M","-5.76%"
"02/06/2021","72.58","67.74","75.43","61.96","8.97M","7.12%"
"02/05/2021","67.75","55.66","68.72","55.66","5.75M","21.74%"
"02/04/2021","55.66","52.15","56.65","51.46","4.52M","6.76%"
"02/03/2021","52.13","50.99","52.56","49.82","3.41M","2.24%"
"02/02/2021","50.99","51.42","52.99","49.26","5.78M","-0.82%"
"02/01/2021","51.42","44.31","52.32","43.43","7.97M","16.13%"
"01/31/2021","44.27","44.77","45.78","43.35","2.92M","-1.08%"
"01/30/2021","44.76","42.88","45.09","42.60","3.24M","4.40%"
"01/29/2021","42.87","42.48","44.00","41.84","3.91M","0.93%"
"01/28/2021","42.47","40.97","43.08","40.36","3.35M","3.63%"
"01/27/2021","40.99","41.74","42.05","39.67","2.93M","-1.80%"
"01/26/2021","41.74","41.78","42.51","39.87","3.24M","-0.10%"
"01/25/2021","41.78","41.82","43.38","40.57","3.14M","-0.11%"
"01/24/2021","41.82","40.92","42.20","40.36","2.59M","2.22%"
"01/23/2021","40.92","40.87","41.83","39.50","2.79M","0.11%"
"01/22/2021","40.87","38.69","41.35","36.92","3.47M","5.66%"
"01/21/2021","38.68","42.57","42.63","38.37","3.88M","-9.14%"
"01/20/2021","42.57","42.60","42.76","40.29","4.23M","-0.13%"
"01/19/2021","42.62","45.36","47.19","41.75","5.77M","-6.02%"
"01/18/2021","45.35","45.91","46.88","44.07","3.37M","-0.93%"
"01/17/2021","45.78","43.10","46.69","40.94","4.26M","6.21%"
"01/16/2021","43.10","40.92","44.10","40.68","3.56M","5.35%"
"01/15/2021","40.91","41.88","42.54","38.87","3.77M","-2.31%"
"01/14/2021","41.88","40.12","41.93","39.65","3.59M","4.39%"
"01/13/2021","40.12","38.24","40.42","37.05","3.91M","4.89%"
"01/12/2021","38.25","38.16","40.01","37.13","4.38M","0.00%"
"01/11/2021","38.26","42.42","42.44","35.10","8.52M","-9.84%"
"01/10/2021","42.43","43.84","45.12","40.14","5.55M","-3.19%"
"01/09/2021","43.83","42.33","44.02","41.51","3.56M","3.55%"
"01/08/2021","42.33","43.62","43.65","40.34","4.69M","-3.01%"
"01/07/2021","43.64","42.22","44.47","41.41","6.79M","3.45%"
"01/06/2021","42.19","41.79","42.19","40.50","5.24M","0.95%"
"01/05/2021","41.79","41.12","41.79","38.86","4.88M","1.68%"
"01/04/2021","41.10","41.25","43.21","38.09","6.87M","-0.29%"
"01/03/2021","41.22","38.24","41.64","37.78","6.34M","7.81%"
"01/02/2021","38.23","37.73","38.46","36.81","3.94M","1.35%"
"01/01/2021","37.72","37.33","38.93","36.98","3.24M","1.04%"
"12/31/2020","37.34","38.10","38.19","36.73","2.57M","-2.01%"
"12/30/2020","38.10","39.14","39.21","36.84","3.38M","-2.56%"
"12/29/2020","39.10","35.94","39.70","35.31","9.68M","8.80%"
"12/28/2020","35.94","33.64","36.09","33.35","5.58M","6.72%"
"12/27/2020","33.68","33.60","34.97","31.97","4.90M","0.26%"
"12/26/2020","33.59","33.18","34.00","32.57","3.17M","1.23%"
"12/25/2020","33.18","32.51","33.48","31.80","3.35M","2.06%"
"12/24/2020","32.51","31.19","32.74","30.40","3.93M","4.22%"
"12/23/2020","31.19","33.52","34.43","30.03","5.45M","-6.94%"
"12/22/2020","33.52","32.14","33.77","30.50","5.01M","4.24%"
"12/21/2020","32.15","34.27","35.60","31.53","6.15M","-6.18%"
"12/20/2020","34.27","33.30","35.63","32.61","5.83M","2.92%"
"12/19/2020","33.30","30.96","34.21","30.91","5.31M","7.56%"
"12/18/2020","30.96","30.22","31.21","29.69","2.87M","2.43%"
"12/17/2020","30.22","30.56","31.51","29.76","4.49M","-1.09%"
"12/16/2020","30.56","29.51","30.62","29.04","3.09M","3.54%"
"12/15/2020","29.51","30.03","30.35","29.33","2.61M","-1.71%"
"12/14/2020","30.03","29.14","30.18","28.66","2.68M","3.05%"
"12/13/2020","29.14","28.17","29.26","28.02","2.18M","3.53%"
"12/12/2020","28.14","27.34","28.23","27.28","1.75M","2.98%"
"12/11/2020","27.33","27.73","27.79","26.73","1.70M","-1.19%"
"12/10/2020","27.66","28.15","28.25","27.45","1.74M","-1.71%"
"12/09/2020","28.14","27.63","28.42","26.94","2.51M","1.67%"
"12/08/2020","27.68","29.36","29.52","27.47","2.86M","-5.76%"
"12/07/2020","29.37","29.49","29.65","29.00","1.64M","-0.66%"
"12/06/2020","29.56","29.73","30.17","29.01","1.72M","-0.57%"
"12/05/2020","29.73","29.02","30.04","28.65","2.34M","2.41%"
"12/04/2020","29.03","30.68","31.19","28.81","2.67M","-5.44%"
"12/03/2020","30.70","30.30","30.79","29.89","2.43M","1.33%"
"12/02/2020","30.30","30.08","30.99","29.61","2.93M","0.30%"
"12/01/2020","30.21","31.42","31.88","29.23","4.15M","-4.08%"
"11/30/2020","31.49","30.10","31.59","29.72","3.82M","4.67%"
"11/29/2020","30.09","29.15","30.45","28.92","3.78M","3.18%"
"11/28/2020","29.16","28.46","29.61","27.92","3.54M","2.52%"
"11/27/2020","28.44","28.22","28.71","27.23","3.26M","0.78%"
"11/26/2020","28.22","31.28","31.76","26.45","8.78M","-9.80%"
"11/25/2020","31.29","33.93","35.38","30.54","6.28M","-7.74%"
"11/24/2020","33.91","32.33","35.13","31.59","9.72M","9.46%"
"11/23/2020","30.98","30.04","31.06","29.80","3.94M","3.14%"
"11/22/2020","30.04","30.49","31.12","29.00","3.92M","-1.50%"
"11/21/2020","30.50","28.96","30.79","28.33","4.24M","5.31%"
"11/20/2020","28.96","28.12","29.30","28.08","3.35M","3.05%"
"11/19/2020","28.10","28.07","28.35","27.62","2.77M","0.10%"
"11/18/2020","28.07","28.55","28.77","27.51","3.08M","-1.70%"
"11/17/2020","28.56","27.95","28.75","27.93","3.06M","2.12%"
"11/16/2020","27.96","27.67","28.21","27.45","2.36M","1.08%"
"11/15/2020","27.66","27.92","28.22","27.08","2.04M","-0.90%"
"11/14/2020","27.91","28.21","28.21","27.39","2.10M","-0.98%"
"11/13/2020","28.19","27.71","28.51","27.52","2.65M","1.75%"
"11/12/2020","27.71","28.00","28.15","27.31","2.30M","-1.02%"
"11/11/2020","27.99","28.21","28.58","27.83","2.66M","-0.72%"
"11/10/2020","28.19","28.09","28.48","27.67","3.00M","0.38%"
"11/09/2020","28.09","28.38","28.94","27.36","3.05M","-1.05%"
"11/08/2020","28.38","27.76","28.70","27.46","3.21M","2.24%"
"11/07/2020","27.76","29.06","29.86","26.90","4.36M","-4.46%"
"11/06/2020","29.06","27.69","29.44","27.68","3.83M","4.94%"
"11/05/2020","27.69","26.94","27.89","26.68","3.38M","2.77%"
"11/04/2020","26.94","26.88","26.96","25.95","3.01M","0.26%"
"11/03/2020","26.87","27.80","27.80","25.84","3.63M","-3.33%"
"11/02/2020","27.80","28.52","29.30","27.80","2.95M","-2.50%"
"11/01/2020","28.51","28.51","28.68","28.08","2.65M","0.00%"
"10/31/2020","28.51","28.49","28.88","28.13","2.77M","0.07%"
"10/30/2020","28.49","29.87","30.25","27.58","4.41M","-4.60%"
"10/29/2020","29.86","30.33","30.42","29.49","2.76M","-1.55%"
"10/28/2020","30.33","31.49","31.93","29.81","3.11M","-3.71%"
"10/27/2020","31.50","31.04","32.37","30.91","3.98M","1.48%"
"10/26/2020","31.04","30.15","31.39","29.96","3.65M","2.96%"
"10/25/2020","30.15","30.63","30.96","29.90","2.12M","-1.60%"
"10/24/2020","30.64","30.64","30.85","30.42","2.25M","0.02%"
"10/23/2020","30.64","30.64","31.17","30.09","2.81M","-0.03%"
"10/22/2020","30.65","29.74","31.29","29.71","3.87M","3.05%"
"10/21/2020","29.74","28.78","30.39","28.64","3.69M","3.28%"
"10/20/2020","28.80","29.92","30.08","28.50","3.55M","-3.74%"
"10/19/2020","29.92","30.65","30.66","29.74","2.45M","-2.44%"
"10/18/2020","30.66","30.22","31.01","30.17","3.10M","1.43%"
"10/17/2020","30.23","30.02","30.56","29.68","2.57M","0.71%"
"10/16/2020","30.02","31.29","31.96","29.57","4.09M","-4.13%"
"10/15/2020","31.31","30.84","31.65","30.43","3.67M","1.52%"
"10/14/2020","30.84","30.73","31.32","30.40","3.39M","0.39%"
"10/13/2020","30.72","30.66","31.78","30.21","4.54M","0.00%"
"10/12/2020","30.72","28.52","31.09","28.44","5.87M","7.71%"
"10/11/2020","28.52","28.41","28.72","27.91","3.21M","0.51%"
"10/10/2020","28.38","28.40","29.24","28.11","3.23M","0.00%"
"10/09/2020","28.38","27.69","28.51","27.48","3.47M","2.49%"
"10/08/2020","27.69","27.70","27.80","26.54","3.35M","0.00%"
"10/07/2020","27.70","27.69","27.90","26.84","2.81M","0.00%"
"10/06/2020","27.70","28.58","28.98","27.26","3.78M","-3.12%"
"10/05/2020","28.59","29.01","29.25","28.10","3.05M","-1.46%"
"10/04/2020","29.01","28.19","29.10","28.01","4.09M","2.97%"
"10/03/2020","28.18","27.31","28.38","27.08","3.90M","3.22%"
"10/02/2020","27.30","27.45","28.16","25.71","5.51M","-0.66%"
"10/01/2020","27.48","29.27","29.38","26.26","5.34M","-6.28%"
"09/30/2020","29.32","28.81","29.55","27.90","4.13M","1.79%"
"09/29/2020","28.81","26.99","28.99","26.90","4.80M","6.76%"
"09/28/2020","26.98","26.23","27.70","25.85","4.28M","2.87%"
"09/27/2020","26.23","26.18","26.87","25.54","3.43M","0.13%"
"09/26/2020","26.20","24.68","26.46","24.48","4.14M","6.14%"
"09/25/2020","24.68","24.57","25.06","23.78","3.80M","0.44%"
"09/24/2020","24.57","22.81","24.66","22.59","4.39M","7.74%"
"09/23/2020","22.81","24.04","24.32","22.47","4.21M","-5.10%"
"09/22/2020","24.03","23.03","24.55","22.75","4.43M","4.35%"
"09/21/2020","23.03","26.32","26.65","22.32","7.10M","-12.64%"
"09/20/2020","26.37","27.20","27.31","25.14","3.94M","-3.06%"
"09/19/2020","27.20","27.66","27.95","26.66","3.36M","-1.70%"
"09/18/2020","27.67","27.06","28.73","26.65","5.75M","2.26%"
"09/17/2020","27.06","27.83","28.78","26.06","6.22M","-2.76%"
"09/16/2020","27.83","27.12","28.43","25.94","7.79M","2.64%"
"09/15/2020","27.11","31.14","31.14","26.75","10.69M","-12.83%"
"09/14/2020","31.10","31.14","33.35","29.05","12.31M","-0.18%"
"09/13/2020","31.16","28.50","32.32","28.13","15.13M","9.31%"
"09/12/2020","28.50","25.40","28.52","25.39","9.43M","12.20%"
"09/11/2020","25.40","24.53","25.68","23.11","5.40M","3.55%"
"09/10/2020","24.53","24.49","25.54","24.10","6.22M","0.18%"
"09/09/2020","24.49","23.24","24.51","22.46","5.97M","5.38%"
"09/08/2020","23.24","22.45","23.41","21.30","7.72M","3.52%"
"09/07/2020","22.45","23.18","23.55","20.13","7.46M","-3.17%"
"09/06/2020","23.18","19.47","23.44","18.58","10.83M","19.08%"
"09/05/2020","19.47","20.96","21.53","18.02","5.88M","-7.10%"
"09/04/2020","20.95","20.33","21.83","19.42","8.41M","3.05%"
"09/03/2020","20.33","24.70","25.54","20.18","10.46M","-17.69%"
"09/02/2020","24.70","24.72","25.81","23.23","8.96M","-0.08%"
"09/01/2020","24.72","23.13","25.39","22.87","6.86M","6.87%"
"08/31/2020","23.13","23.63","23.90","22.99","2.94M","-2.09%"
"08/30/2020","23.63","22.94","23.83","22.91","3.13M","2.98%"
"08/29/2020","22.94","23.07","23.50","22.75","2.89M","-0.54%"
"08/28/2020","23.07","23.10","23.57","22.62","3.87M","-0.16%"
"08/27/2020","23.11","22.20","23.14","21.83","4.46M","4.09%"
"08/26/2020","22.20","21.39","22.48","21.28","3.85M","3.76%"
"08/25/2020","21.39","22.61","22.63","20.99","3.53M","-5.36%"
"08/24/2020","22.61","21.85","22.96","21.67","2.44M","3.49%"
"08/23/2020","21.84","22.19","22.22","21.55","2.56M","-1.61%"
"08/22/2020","22.20","22.09","22.26","21.29","3.00M","0.62%"
"08/21/2020","22.06","23.07","23.33","21.63","3.85M","-4.36%"
"08/20/2020","23.07","22.35","23.30","22.02","3.31M","3.20%"
"08/19/2020","22.35","23.01","23.25","21.86","3.27M","-2.85%"
"08/18/2020","23.01","23.51","23.77","22.37","3.86M","-2.10%"
"08/17/2020","23.50","23.50","23.92","23.00","3.63M","0.00%"
"08/16/2020","23.50","23.02","23.77","22.72","3.88M","2.15%"
"08/15/2020","23.01","23.11","23.78","22.81","3.93M","-0.45%"
"08/14/2020","23.11","21.78","23.29","21.27","5.34M","6.13%"
"08/13/2020","21.78","21.50","21.86","20.64","4.38M","1.28%"
"08/12/2020","21.50","21.27","21.97","20.60","3.57M","1.10%"
"08/11/2020","21.27","22.63","22.72","20.70","4.55M","-6.01%"
"08/10/2020","22.63","22.44","22.78","22.08","3.06M","0.84%"
"08/09/2020","22.44","22.92","22.94","22.05","3.04M","-2.12%"
"08/08/2020","22.92","22.34","22.92","21.86","3.37M","2.63%"
"08/07/2020","22.33","22.75","23.00","21.50","4.14M","-1.80%"
"08/06/2020","22.75","23.27","23.29","22.53","3.64M","-2.30%"
"08/05/2020","23.28","22.30","23.54","22.09","5.36M","4.39%"
"08/04/2020","22.30","22.07","22.44","21.52","3.65M","1.07%"
"08/03/2020","22.07","21.00","22.49","20.72","4.06M","5.07%"
"08/02/2020","21.00","21.63","22.15","19.26","5.00M","-2.87%"
"08/01/2020","21.62","20.67","21.75","20.58","3.86M","4.62%"
"07/31/2020","20.67","19.98","20.85","19.91","3.35M","3.44%"
"07/30/2020","19.98","19.84","20.09","19.56","3.18M","0.69%"
"07/29/2020","19.84","19.84","19.85","19.80","3.43M","-1.61%"
"07/28/2020","20.17","19.79","20.62","19.46","5.19M","1.87%"
"07/27/2020","19.79","19.55","20.18","18.45","5.59M","1.23%"
"07/26/2020","19.55","19.80","20.25","19.34","4.23M","-1.23%"
"07/25/2020","19.80","19.18","20.03","19.16","4.41M","3.20%"
"07/24/2020","19.18","18.76","19.54","18.24","4.12M","2.28%"
"07/23/2020","18.76","18.11","18.76","18.05","3.66M","3.63%"
"07/22/2020","18.10","17.72","18.11","17.46","3.39M","2.15%"
"07/21/2020","17.72","17.47","17.98","17.40","3.29M","1.44%"
"07/20/2020","17.47","18.01","18.33","17.28","3.68M","-3.00%"
"07/19/2020","18.01","17.13","18.10","16.90","3.75M","5.10%"
"07/18/2020","17.13","17.07","17.32","16.83","2.60M","0.36%"
"07/17/2020","17.07","17.15","17.48","16.99","2.79M","-0.43%"
"07/16/2020","17.15","17.63","17.76","16.56","3.20M","-2.73%"
"07/15/2020","17.63","18.09","18.15","17.44","2.91M","-2.55%"
"07/14/2020","18.09","18.42","18.76","17.88","3.43M","-1.77%"
"07/13/2020","18.42","18.31","18.99","17.73","4.28M","0.62%"
"07/12/2020","18.31","17.62","18.59","17.60","4.01M","3.89%"
"07/11/2020","17.62","17.30","17.68","17.03","3.13M","1.85%"
"07/10/2020","17.30","16.83","17.33","16.44","2.82M","2.76%"
"07/09/2020","16.84","17.28","17.47","16.49","2.70M","-2.47%"
"07/08/2020","17.26","16.80","17.45","16.62","3.23M","2.76%"
"07/07/2020","16.80","16.30","16.86","16.06","2.77M","3.06%"
"07/06/2020","16.30","15.51","16.33","15.44","2.47M","5.13%"
"07/05/2020","15.50","15.56","15.61","15.16","1.83M","-0.34%"
"07/04/2020","15.56","15.28","15.63","15.23","2.03M","1.84%"
"07/03/2020","15.28","15.36","15.48","15.26","1.94M","-0.53%"
"07/02/2020","15.36","15.81","15.96","15.09","2.26M","-2.88%"
"07/01/2020","15.81","15.40","15.88","15.34","2.58M","2.66%"
"06/30/2020","15.40","15.46","15.54","15.25","2.18M","-0.38%"
"06/29/2020","15.46","15.38","15.59","15.21","2.66M","0.45%"
"06/28/2020","15.39","15.13","15.49","14.93","2.93M","1.74%"
"06/27/2020","15.13","15.77","15.87","14.85","2.55M","-4.05%"
"06/26/2020","15.77","15.91","15.99","15.58","2.05M","-0.89%"
"06/25/2020","15.91","16.00","16.08","15.51","2.08M","-0.58%"
"06/24/2020","16.00","16.39","16.64","15.98","2.49M","-2.37%"
"06/23/2020","16.39","16.50","16.54","16.27","2.48M","-0.68%"
"06/22/2020","16.50","15.97","16.52","15.96","2.94M","3.33%"
"06/21/2020","15.97","16.06","16.31","15.94","2.30M","-0.54%"
"06/20/2020","16.06","15.97","16.09","15.72","2.42M","0.50%"
"06/19/2020","15.98","16.15","16.28","15.91","2.32M","-1.10%"
"06/18/2020","16.15","16.40","16.53","15.91","2.48M","-1.47%"
"06/17/2020","16.40","16.43","16.62","16.01","2.66M","-0.19%"
"06/16/2020","16.43","16.38","16.62","16.16","3.00M","0.31%"
"06/15/2020","16.38","16.56","16.60","15.54","2.88M","-1.12%"
"06/14/2020","16.56","16.81","16.84","16.43","3.14M","-1.46%"
"06/13/2020","16.81","16.64","16.81","16.49","3.57M","1.01%"
"06/12/2020","16.64","16.23","16.78","16.10","3.42M","2.54%"
"06/11/2020","16.23","17.39","17.49","15.98","3.25M","-6.70%"
"06/10/2020","17.39","17.37","17.57","17.25","3.29M","0.13%"
"06/09/2020","17.37","17.43","17.51","17.12","3.02M","-0.33%"
"06/08/2020","17.43","17.42","17.54","17.26","3.05M","0.07%"
"06/07/2020","17.42","17.56","17.64","16.91","3.35M","-0.81%"
"06/06/2020","17.56","17.70","17.79","17.51","3.74M","-0.78%"
"06/05/2020","17.70","17.52","17.89","17.45","4.21M","1.01%"
"06/04/2020","17.52","17.56","17.67","17.08","3.99M","-0.22%"
"06/03/2020","17.56","17.28","17.62","17.04","4.48M","1.58%"
"06/02/2020","17.28","17.92","18.19","16.78","4.46M","-3.56%"
"06/01/2020","17.92","17.10","18.08","16.99","5.28M","4.75%"
"05/31/2020","17.11","17.73","18.16","16.87","4.77M","-3.51%"
"05/30/2020","17.73","17.00","17.78","16.94","5.42M","4.28%"
"05/29/2020","17.00","17.08","17.18","16.68","4.86M","-0.44%"
"05/28/2020","17.08","16.46","17.14","16.39","5.32M","3.75%"
"05/27/2020","16.46","16.22","16.50","16.16","5.01M","1.51%"
"05/26/2020","16.22","16.38","16.49","15.97","4.38M","-0.99%"
"05/25/2020","16.38","15.98","16.40","15.87","5.08M","2.32%"
"05/24/2020","16.01","16.47","16.79","16.01","4.92M","-2.83%"
"05/23/2020","16.47","16.59","16.84","16.33","4.93M","-0.74%"
"05/22/2020","16.59","16.08","16.89","15.92","5.33M","3.16%"
"05/21/2020","16.09","16.90","17.05","15.76","4.81M","-4.79%"
"05/20/2020","16.90","17.20","17.33","16.55","5.21M","-1.78%"
"05/19/2020","17.20","16.63","17.23","16.31","6.67M","3.43%"
"05/18/2020","16.63","16.29","16.87","16.20","6.39M","2.13%"
"05/17/2020","16.29","16.05","16.51","16.00","5.49M","1.45%"
"05/16/2020","16.05","15.71","16.27","15.58","6.45M","2.16%"
"05/15/2020","15.71","16.36","16.53","15.56","6.04M","-4.10%"
"05/14/2020","16.39","16.12","16.64","15.28","7.31M","1.68%"
"05/13/2020","16.11","15.76","16.31","14.97","6.71M","2.25%"
"05/12/2020","15.76","15.09","16.23","14.21","7.37M","4.21%"
"05/11/2020","15.12","15.28","15.56","14.05","8.35M","-1.03%"
"05/10/2020","15.28","16.81","16.81","14.03","9.58M","-9.08%"
"05/09/2020","16.81","17.14","17.49","16.81","6.06M","-1.94%"
"05/08/2020","17.14","16.99","17.43","16.83","5.51M","0.85%"
"05/07/2020","17.00","16.37","17.24","16.20","6.91M","3.82%"
"05/06/2020","16.37","16.86","17.14","16.34","5.72M","-2.89%"
"05/05/2020","16.86","17.02","17.31","16.58","5.69M","-0.97%"
"05/04/2020","17.02","17.11","17.30","16.31","5.97M","-0.48%"
"05/03/2020","17.11","17.52","17.81","16.86","5.64M","-2.32%"
"05/02/2020","17.51","17.44","17.58","17.27","6.12M","0.43%"
"05/01/2020","17.44","17.00","17.90","16.91","7.22M","2.56%"
"04/30/2020","17.00","17.44","18.20","16.49","8.82M","-2.47%"
"04/29/2020","17.43","16.32","17.54","16.28","8.18M","6.80%"
"04/28/2020","16.32","16.49","16.54","16.14","6.13M","-0.99%"
"04/27/2020","16.49","16.36","16.66","16.07","7.52M","0.76%"
"04/26/2020","16.36","16.21","16.48","16.09","6.66M","0.84%"
"04/25/2020","16.22","15.91","16.46","15.72","6.32M","1.95%"
"04/24/2020","15.91","16.02","16.34","15.70","7.75M","-0.63%"
"04/23/2020","16.02","15.70","16.41","15.40","9.43M","2.03%"
"04/22/2020","15.70","15.10","15.84","14.91","8.33M","3.94%"
"04/21/2020","15.10","14.98","15.48","14.75","7.61M","0.92%"
"04/20/2020","14.96","16.06","16.66","14.87","8.00M","-6.84%"
"04/19/2020","16.06","16.62","16.70","15.86","7.23M","-3.36%"
"04/18/2020","16.62","15.63","16.83","12.85","9.24M","6.33%"
"04/17/2020","15.63","15.64","15.94","12.96","6.10M","0.00%"
"04/16/2020","15.63","14.57","15.75","12.96","9.27M","7.26%"
"04/15/2020","14.57","15.60","15.92","14.50","8.79M","-6.59%"
"04/14/2020","15.60","15.04","15.96","14.78","9.84M","3.72%"
"04/13/2020","15.04","14.28","15.10","13.65","8.99M","5.26%"
"04/12/2020","14.29","13.81","14.83","13.65","9.12M","3.48%"
"04/11/2020","13.81","13.72","14.12","13.54","7.74M","0.64%"
"04/10/2020","13.72","15.01","15.07","13.49","8.57M","-8.61%"
"04/09/2020","15.01","15.10","15.22","14.69","9.52M","-0.55%"
"04/08/2020","15.09","14.74","15.36","14.56","8.18M","2.34%"
"04/07/2020","14.75","15.21","15.50","14.26","9.53M","-2.89%"
"04/06/2020","15.19","13.69","15.22","13.63","10.71M","10.97%"
"04/05/2020","13.69","13.76","13.96","13.41","9.29M","-0.52%"
"04/04/2020","13.76","13.36","14.01","13.18","9.73M","2.99%"
"04/03/2020","13.36","13.03","13.58","12.91","9.59M","2.57%"
"04/02/2020","13.02","12.72","13.67","12.54","10.32M","2.45%"
"04/01/2020","12.71","12.55","12.74","11.98","8.57M","1.31%"
"03/31/2020","12.55","12.16","12.72","12.10","9.56M","3.21%"
"03/30/2020","12.16","11.30","12.40","11.26","8.22M","7.62%"
"03/29/2020","11.30","12.20","12.29","11.30","5.36M","-7.25%"
"03/28/2020","12.18","12.34","12.38","11.65","6.11M","-1.21%"
"03/27/2020","12.33","13.21","13.37","12.24","6.38M","-6.64%"
"03/26/2020","13.21","12.34","13.27","12.19","7.03M","7.02%"
"03/25/2020","12.34","12.35","12.70","11.61","7.60M","0.00%"
"03/24/2020","12.34","12.19","12.56","11.37","9.24M","1.24%"
"03/23/2020","12.19","11.15","12.49","10.84","10.85M","9.24%"
"03/22/2020","11.16","12.11","12.48","11.05","10.86M","-7.84%"
"03/21/2020","12.11","11.94","12.45","11.31","12.14M","1.46%"
"03/20/2020","11.94","12.30","13.66","10.50","14.04M","-2.95%"
"03/19/2020","12.30","10.40","12.69","10.25","12.93M","18.24%"
"03/18/2020","10.40","10.29","10.44","9.67","9.72M","1.12%"
"03/17/2020","10.29","9.42","10.49","9.34","10.60M","9.15%"
"03/16/2020","9.42","10.40","10.41","8.47","13.27M","-9.41%"
"03/15/2020","10.40","10.13","11.09","9.98","12.62M","2.74%"
"03/14/2020","10.13","10.96","11.28","9.91","11.21M","-7.64%"
"03/13/2020","10.96","9.25","11.45","6.50","24.31M","18.54%"
"03/12/2020","9.25","16.54","16.66","8.98","18.29M","-44.08%"
"03/11/2020","16.54","16.84","17.14","15.43","6.00M","-1.78%"
"03/10/2020","16.84","16.55","17.49","16.37","7.60M","1.74%"
"03/09/2020","16.55","16.89","17.51","15.61","9.96M","-2.21%"
"03/08/2020","16.93","20.24","20.27","16.74","8.06M","-16.38%"
"03/07/2020","20.24","21.37","21.49","19.73","5.52M","-5.27%"
"03/06/2020","21.37","20.76","21.76","20.67","7.11M","2.95%"
"03/05/2020","20.76","19.96","21.49","19.94","7.03M","3.90%"
"03/04/2020","19.98","19.71","20.25","19.52","5.96M","1.78%"
"03/03/2020","19.63","19.94","20.35","19.27","6.65M","-1.53%"
"03/02/2020","19.93","18.95","20.25","18.63","8.50M","5.52%"
"03/01/2020","18.89","19.28","20.23","18.38","8.67M","-2.00%"
"02/29/2020","19.28","19.00","20.36","18.67","15.68M","1.68%"
"02/28/2020","18.96","19.20","19.73","17.90","11.36M","-1.29%"
"02/27/2020","19.20","18.76","19.65","17.68","7.87M","2.39%"
"02/26/2020","18.76","20.25","20.66","17.94","9.58M","-7.32%"
"02/25/2020","20.24","22.14","22.19","20.10","6.53M","-8.61%"
"02/24/2020","22.14","22.81","23.34","21.46","6.09M","-2.91%"
"02/23/2020","22.81","22.10","23.13","21.90","7.43M","3.54%"
"02/22/2020","22.03","22.18","22.35","21.50","5.69M","-0.59%"
"02/21/2020","22.16","22.11","22.99","21.76","6.55M","0.23%"
"02/20/2020","22.11","22.32","22.79","21.01","6.18M","-0.92%"
"02/19/2020","22.31","24.04","24.36","22.07","5.86M","-7.18%"
"02/18/2020","24.04","23.46","24.50","22.80","5.86M","2.51%"
"02/17/2020","23.45","23.40","23.63","21.57","6.18M","0.22%"
"02/16/2020","23.40","24.28","25.30","21.82","6.98M","-3.62%"
"02/15/2020","24.28","26.32","26.50","23.55","6.71M","-7.77%"
"02/14/2020","26.32","25.48","26.55","25.04","6.46M","3.09%"
"02/13/2020","25.53","26.43","27.20","24.66","6.65M","-3.41%"
"02/12/2020","26.43","25.68","26.95","25.33","7.07M","2.92%"
"02/11/2020","25.68","25.14","25.77","24.15","9.66M","2.15%"
"02/10/2020","25.14","24.27","25.72","23.30","12.23M","3.57%"
"02/09/2020","24.28","21.76","24.34","21.02","9.15M","11.57%"
"02/08/2020","21.76","22.03","22.16","20.91","7.00M","-1.21%"
"02/07/2020","22.03","20.62","22.51","20.47","9.06M","6.83%"
"02/06/2020","20.62","19.25","20.78","19.03","7.50M","7.11%"
"02/05/2020","19.25","18.17","19.44","16.71","6.10M","5.94%"
"02/04/2020","18.17","18.46","18.61","18.17","4.61M","-1.57%"
"02/03/2020","18.46","18.41","18.84","18.19","4.90M","0.27%"
"02/02/2020","18.41","18.24","18.75","17.86","5.58M","0.95%"
"02/01/2020","18.24","18.22","18.58","18.04","5.52M","0.20%"
"01/31/2020","18.20","18.53","18.83","17.82","5.40M","-1.79%"
"01/30/2020","18.53","17.90","18.68","17.70","5.60M","3.54%"
"01/29/2020","17.90","18.03","18.41","17.82","4.77M","-0.51%"
"01/28/2020","17.99","17.64","18.13","17.46","6.03M","2.01%"
"01/27/2020","17.64","17.46","17.86","17.21","5.11M","1.05%"
"01/26/2020","17.46","16.96","17.52","16.82","5.91M","2.94%"
"01/25/2020","16.96","17.07","17.11","16.61","4.87M","-0.55%"
"01/24/2020","17.05","17.03","17.43","16.44","4.71M","0.07%"
"01/23/2020","17.04","17.79","17.83","16.75","5.15M","-4.26%"
"01/22/2020","17.80","18.08","18.71","17.56","5.18M","-1.61%"
"01/21/2020","18.09","17.31","18.19","17.21","6.57M","4.50%"
"01/20/2020","17.31","17.36","17.56","16.81","5.62M","-0.32%"
"01/19/2020","17.36","17.81","18.45","16.73","6.20M","-2.50%"
"01/18/2020","17.81","18.08","18.35","17.45","5.40M","-1.46%"
"01/17/2020","18.07","17.04","18.43","17.03","7.33M","6.04%"
"01/16/2020","17.04","17.62","17.70","16.35","5.68M","-3.28%"
"01/15/2020","17.62","16.65","18.14","16.14","8.41M","5.80%"
"01/14/2020","16.65","15.18","16.89","15.17","7.28M","9.77%"
"01/13/2020","15.17","15.34","15.36","14.93","5.71M","-1.05%"
"01/12/2020","15.33","14.94","15.46","14.82","5.92M","2.58%"
"01/11/2020","14.94","15.06","15.34","14.75","4.80M","-0.79%"
"01/10/2020","15.06","14.40","15.10","13.76","4.96M","4.64%"
"01/09/2020","14.40","14.54","14.62","14.23","3.91M","-0.98%"
"01/08/2020","14.54","15.03","15.32","14.23","4.56M","-3.22%"
"01/07/2020","15.02","14.96","15.17","14.48","4.88M","0.44%"
"01/06/2020","14.96","14.08","15.01","14.04","5.53M","6.31%"
"01/05/2020","14.07","13.85","14.37","13.83","5.18M","1.58%"
"01/04/2020","13.85","13.65","13.89","13.53","4.88M","1.49%"
"01/03/2020","13.65","13.02","13.98","13.01","4.84M","4.72%"
"01/02/2020","13.03","13.70","13.73","12.99","4.49M","-4.85%"
"01/01/2020","13.70","13.73","13.88","13.65","4.61M","-0.25%"
"12/31/2019","13.73","13.88","14.07","13.66","4.23M","-1.12%"
"12/30/2019","13.89","14.12","14.42","13.81","4.79M","-1.62%"
"12/29/2019","14.11","13.71","14.20","13.61","6.46M","2.97%"
"12/28/2019","13.71","13.30","13.78","13.27","5.65M","3.04%"
"12/27/2019","13.30","13.19","13.34","13.00","4.77M","0.83%"
"12/26/2019","13.19","13.04","13.59","13.02","4.59M","1.14%"
"12/25/2019","13.04","13.37","13.43","12.95","4.29M","-2.43%"
"12/24/2019","13.37","13.35","13.65","13.28","4.90M","0.16%"
"12/23/2019","13.35","13.81","14.00","13.25","4.51M","-3.36%"
"12/22/2019","13.81","13.34","13.84","13.30","5.81M","3.55%"
"12/21/2019","13.34","13.53","13.57","13.30","5.86M","-1.62%"
"12/20/2019","13.56","13.36","13.57","13.12","5.73M","1.56%"
"12/19/2019","13.35","13.59","13.76","12.95","4.79M","-1.74%"
"12/18/2019","13.59","12.37","13.68","12.23","6.65M","9.79%"
"12/17/2019","12.37","13.61","13.65","12.15","5.68M","-9.05%"
"12/16/2019","13.61","14.55","14.58","13.47","4.79M","-6.47%"
"12/15/2019","14.55","14.53","14.65","14.33","3.90M","0.09%"
"12/14/2019","14.53","14.91","15.04","14.35","4.20M","-2.50%"
"12/13/2019","14.91","14.83","15.04","14.77","4.28M","0.54%"
"12/12/2019","14.83","14.86","14.94","14.57","3.71M","-0.20%"
"12/11/2019","14.86","15.01","15.12","14.68","3.93M","-1.07%"
"12/10/2019","15.02","15.48","15.49","14.74","4.43M","-2.75%"
"12/09/2019","15.44","15.64","15.91","15.29","4.78M","-1.26%"
"12/08/2019","15.64","15.63","15.86","15.43","5.35M","0.08%"
"12/07/2019","15.63","15.69","15.84","15.56","5.69M","-0.45%"
"12/06/2019","15.70","15.67","15.79","15.35","5.47M","0.17%"
"12/05/2019","15.67","15.16","15.74","14.93","5.72M","3.35%"
"12/04/2019","15.16","15.32","15.71","14.97","5.44M","-1.03%"
"12/03/2019","15.32","15.21","15.53","15.13","4.82M","0.72%"
"12/02/2019","15.21","15.53","15.70","15.14","3.98M","-2.06%"
"12/01/2019","15.53","15.67","15.69","15.01","4.12M","-0.93%"
"11/30/2019","15.68","16.14","16.19","15.42","4.95M","-2.89%"
"11/29/2019","16.14","15.52","16.26","15.46","5.54M","4.02%"
"11/28/2019","15.52","16.03","16.12","15.45","4.28M","-3.17%"
"11/27/2019","16.03","15.48","16.16","14.89","5.80M","3.58%"
"11/26/2019","15.47","15.28","15.98","15.16","4.69M","1.16%"
"11/25/2019","15.30","15.20","15.87","14.15","7.03M","0.60%"
"11/24/2019","15.21","16.29","16.52","15.12","5.43M","-6.65%"
"11/23/2019","16.29","15.58","16.39","15.13","5.60M","4.54%"
"11/22/2019","15.58","16.81","16.81","14.56","8.33M","-7.31%"
"11/21/2019","16.81","18.02","21.68","16.64","4.52M","-6.71%"
"11/20/2019","18.02","18.49","18.70","17.39","3.81M","-2.46%"
"11/19/2019","18.48","19.10","19.39","18.25","3.63M","-3.25%"
"11/18/2019","19.10","20.16","20.16","18.85","3.90M","-5.27%"
"11/17/2019","20.16","20.10","20.33","19.78","3.89M","0.28%"
"11/16/2019","20.10","20.30","20.61","19.85","3.54M","-0.99%"
"11/15/2019","20.31","21.21","21.23","20.07","3.78M","-4.28%"
"11/14/2019","21.21","21.30","21.54","20.88","3.43M","-0.46%"
"11/13/2019","21.31","20.89","21.65","20.66","3.76M","2.00%"
"11/12/2019","20.89","20.11","20.89","20.06","3.30M","3.89%"
"11/11/2019","20.11","20.42","20.60","19.81","2.98M","-1.51%"
"11/10/2019","20.42","19.76","20.57","19.72","3.75M","3.36%"
"11/09/2019","19.76","19.71","20.00","19.56","2.71M","0.23%"
"11/08/2019","19.71","20.39","20.48","19.39","3.02M","-3.37%"
"11/07/2019","20.40","20.65","20.77","19.96","3.31M","-1.20%"
"11/06/2019","20.65","20.62","20.88","20.35","3.93M","0.14%"
"11/05/2019","20.62","20.62","20.86","20.34","4.09M","0.00%"
"11/04/2019","20.62","20.16","20.86","20.06","4.92M","2.24%"
"11/03/2019","20.16","20.19","20.38","19.85","4.64M","-0.15%"
"11/02/2019","20.19","19.90","20.30","18.92","5.22M","1.48%"
"11/01/2019","19.90","19.85","19.98","19.62","3.07M","0.26%"
"10/31/2019","19.85","19.90","20.25","19.30","4.37M","-0.27%"
"10/30/2019","19.90","20.66","20.75","19.07","4.38M","-3.68%"
"10/29/2019","20.66","19.89","21.14","19.80","5.84M","3.83%"
"10/28/2019","19.90","19.29","21.09","19.27","6.62M","3.09%"
"10/27/2019","19.30","18.93","19.61","18.52","5.45M","1.96%"
"10/26/2019","18.93","18.60","19.66","18.06","5.38M","1.77%"
"10/25/2019","18.60","16.90","19.02","15.68","6.62M","10.05%"
"10/24/2019","16.90","16.73","17.01","15.65","3.58M","1.06%"
"10/23/2019","16.72","18.20","18.21","16.28","4.11M","-8.07%"
"10/22/2019","18.19","18.25","18.76","18.08","4.50M","-0.32%"
"10/21/2019","18.25","18.47","18.47","17.94","3.58M","-1.20%"
"10/20/2019","18.47","18.17","18.57","17.75","4.20M","1.69%"
"10/19/2019","18.17","18.20","18.42","17.86","3.64M","-0.19%"
"10/18/2019","18.20","18.51","18.74","17.71","3.84M","-1.62%"
"10/17/2019","18.50","17.76","18.77","17.59","4.88M","4.17%"
"10/16/2019","17.76","18.44","18.58","17.44","4.43M","-3.70%"
"10/15/2019","18.44","18.43","19.13","18.12","7.09M","0.05%"
"10/14/2019","18.43","18.21","18.61","17.86","4.38M","1.25%"
"10/13/2019","18.21","17.20","18.71","17.12","5.15M","5.86%"
"10/12/2019","17.20","16.60","17.42","16.55","4.70M","3.60%"
"10/11/2019","16.60","17.53","17.65","16.56","4.20M","-5.31%"
"10/10/2019","17.53","17.71","17.89","17.07","4.71M","-0.99%"
"10/09/2019","17.71","16.04","17.96","15.93","6.26M","10.38%"
"10/08/2019","16.04","16.05","16.34","15.82","2.65M","0.00%"
"10/07/2019","16.05","15.36","16.14","15.22","2.97M","4.45%"
"10/06/2019","15.36","15.72","15.75","15.22","2.42M","-2.24%"
"10/05/2019","15.71","15.65","15.80","15.46","2.57M","0.44%"
"10/04/2019","15.65","15.68","15.86","15.42","2.52M","-0.32%"
"10/03/2019","15.70","15.91","15.97","15.44","2.34M","-1.33%"
"10/02/2019","15.91","15.85","15.94","15.58","1.94M","0.36%"
"10/01/2019","15.85","15.84","16.17","15.66","2.40M","0.06%"
"09/30/2019","15.84","15.27","15.85","14.79","2.31M","3.73%"
"09/29/2019","15.27","15.75","15.81","14.95","2.02M","-3.03%"
"09/28/2019","15.75","15.65","15.85","15.35","2.27M","0.65%"
"09/27/2019","15.65","15.41","15.74","14.82","2.63M","1.52%"
"09/26/2019","15.41","16.25","16.65","14.65","3.29M","-5.15%"
"09/25/2019","16.25","16.01","22.80","15.42","3.25M","1.46%"
"09/24/2019","16.01","19.59","19.75","15.94","4.67M","-18.23%"
"09/23/2019","19.59","20.55","20.56","19.45","2.19M","-4.71%"
"09/22/2019","20.55","21.15","21.17","20.32","2.07M","-2.78%"
"09/21/2019","21.14","21.40","21.56","21.03","2.28M","-1.22%"
"09/20/2019","21.40","21.61","21.69","21.10","2.70M","-0.97%"
"09/19/2019","21.61","22.21","22.46","20.53","2.87M","-2.72%"
"09/18/2019","22.22","21.08","23.16","21.03","5.51M","5.38%"
"09/17/2019","21.08","20.49","21.50","20.29","3.27M","3.01%"
"09/16/2019","20.46","20.60","20.97","20.19","2.10M","-0.67%"
"09/15/2019","20.60","21.10","21.20","20.60","2.33M","-2.38%"
"09/14/2019","21.10","20.93","21.27","20.88","2.47M","0.85%"
"09/13/2019","20.93","20.92","21.27","20.64","2.64M","0.00%"
"09/12/2019","20.92","20.97","21.13","19.96","3.08M","-0.25%"
"09/11/2019","20.97","22.08","22.26","20.78","2.08M","-4.99%"
"09/10/2019","22.07","22.35","22.55","21.65","1.81M","-1.14%"
"09/09/2019","22.33","22.61","22.64","21.99","2.03M","-1.13%"
"09/08/2019","22.59","22.48","22.83","22.29","2.44M","0.45%"
"09/07/2019","22.48","22.08","22.75","21.95","2.94M","1.81%"
"09/06/2019","22.08","22.76","23.44","21.82","3.44M","-2.99%"
"09/05/2019","22.76","21.83","23.58","21.60","3.80M","4.30%"
"09/04/2019","21.83","22.51","22.74","21.63","2.03M","-3.02%"
"09/03/2019","22.50","22.77","22.93","22.33","2.49M","-1.17%"
"09/02/2019","22.77","21.55","22.88","21.20","3.51M","5.72%"
"09/01/2019","21.54","21.22","21.83","21.16","2.76M","1.48%"
"08/31/2019","21.22","22.19","22.42","21.17","2.50M","-4.27%"
"08/30/2019","22.17","21.84","22.62","21.59","3.21M","1.53%"
"08/29/2019","21.84","23.42","23.42","21.40","2.88M","-6.74%"
"08/28/2019","23.42","25.60","25.99","23.32","2.57M","-8.50%"
"08/27/2019","25.59","26.12","26.13","24.72","2.49M","-2.02%"
"08/26/2019","26.12","26.08","27.18","25.79","3.31M","0.16%"
"08/25/2019","26.08","26.44","26.48","25.67","1.92M","-1.39%"
"08/24/2019","26.44","27.03","27.03","26.09","1.73M","-2.16%"
"08/23/2019","27.03","27.02","27.32","26.87","2.20M","0.02%"
"08/22/2019","27.02","26.95","27.32","26.31","2.12M","0.25%"
"08/21/2019","26.95","28.00","28.04","26.42","2.18M","-3.71%"
"08/20/2019","27.99","28.77","28.81","27.80","2.48M","-2.72%"
"08/19/2019","28.78","27.90","29.20","27.73","3.38M","3.11%"
"08/18/2019","27.91","27.45","28.16","27.11","2.98M","1.65%"
"08/17/2019","27.45","27.50","27.90","27.07","2.71M","-0.18%"
"08/16/2019","27.50","28.10","28.10","26.85","2.99M","-2.13%"
"08/15/2019","28.10","27.00","28.20","27.00","3.61M","4.09%"
"08/14/2019","27.00","29.43","29.45","26.85","2.90M","-8.31%"
"08/13/2019","29.44","30.17","30.41","29.21","2.94M","-2.45%"
"08/12/2019","30.18","30.26","30.55","29.84","3.48M","-0.25%"
"08/11/2019","30.26","29.63","30.38","29.48","3.42M","2.22%"
"08/10/2019","29.60","29.79","29.97","29.08","3.17M","-0.73%"
"08/09/2019","29.82","31.19","31.48","29.66","2.74M","-4.41%"
"08/08/2019","31.20","29.65","31.78","29.19","5.01M","5.21%"
"08/07/2019","29.65","27.65","29.97","27.34","3.91M","7.24%"
"08/06/2019","27.65","27.97","28.31","27.35","2.40M","-1.16%"
"08/05/2019","27.97","27.38","28.32","27.35","1.99M","2.18%"
"08/04/2019","27.38","27.74","27.80","27.13","1.72M","-1.30%"
"08/03/2019","27.74","28.10","28.33","27.53","1.94M","-1.30%"
"08/02/2019","28.10","28.70","28.73","27.57","2.48M","-2.04%"
"08/01/2019","28.69","27.73","28.77","27.46","3.55M","3.45%"
"07/31/2019","27.73","26.95","27.81","26.79","3.05M","2.92%"
"07/30/2019","26.94","27.03","27.12","26.23","1.87M","-0.32%"
"07/29/2019","27.03","27.73","27.99","26.86","1.80M","-2.49%"
"07/28/2019","27.72","27.71","27.86","26.66","2.17M","0.08%"
"07/27/2019","27.70","28.88","29.42","27.27","2.41M","-4.09%"
"07/26/2019","28.88","28.93","29.03","28.21","2.97M","-0.15%"
"07/25/2019","28.92","28.87","29.68","28.52","3.35M","0.13%"
"07/24/2019","28.88","29.46","29.48","27.81","3.58M","-1.95%"
"07/23/2019","29.46","30.83","30.87","29.02","4.04M","-4.47%"
"07/22/2019","30.84","30.42","32.54","29.79","5.16M","1.37%"
"07/21/2019","30.42","31.07","31.52","29.31","3.32M","-2.11%"
"07/20/2019","31.07","28.98","31.45","28.90","4.34M","7.19%"
"07/19/2019","28.99","28.91","29.92","28.33","5.86M","0.27%"
"07/18/2019","28.91","27.64","29.51","26.80","9.11M","4.73%"
"07/17/2019","27.61","25.06","28.09","24.18","8.15M","10.16%"
"07/16/2019","25.06","28.58","29.52","24.95","5.46M","-12.30%"
"07/15/2019","28.58","28.51","28.68","26.38","4.39M","0.27%"
"07/14/2019","28.50","31.47","31.52","28.35","3.18M","-9.43%"
"07/13/2019","31.46","31.88","32.50","30.25","2.67M","-1.31%"
"07/12/2019","31.88","29.43","32.59","29.03","4.38M","8.32%"
"07/11/2019","29.43","31.24","31.78","28.37","2.58M","-5.73%"
"07/10/2019","31.22","32.51","32.94","30.62","2.41M","-4.01%"
"07/09/2019","32.52","33.40","33.91","32.28","1.92M","-2.64%"
"07/08/2019","33.40","32.97","34.24","32.80","2.35M","1.30%"
"07/07/2019","32.97","32.61","33.37","32.47","2.05M","1.11%"
"07/06/2019","32.61","32.61","33.18","32.53","1.91M","0.04%"
"07/05/2019","32.60","33.07","33.64","32.42","2.38M","-1.44%"
"07/04/2019","33.07","32.48","34.36","32.19","3.34M","1.83%"
"07/03/2019","32.48","31.96","33.06","31.66","2.93M","1.61%"
"07/02/2019","31.97","33.27","33.81","30.59","3.02M","-3.94%"
"07/01/2019","33.27","32.12","34.01","31.44","2.82M","3.61%"
"06/30/2019","32.11","35.49","35.51","32.05","3.15M","-9.50%"
"06/29/2019","35.49","34.60","35.77","33.31","4.06M","2.52%"
"06/28/2019","34.61","34.42","35.27","33.86","3.35M","0.56%"
"06/27/2019","34.42","36.02","36.28","33.28","3.89M","-4.44%"
"06/26/2019","36.02","36.08","37.94","34.52","4.45M","-0.15%"
"06/25/2019","36.08","37.40","37.50","35.74","3.35M","-3.63%"
"06/24/2019","37.43","37.25","37.80","36.05","4.41M","0.50%"
"06/23/2019","37.25","37.97","38.46","37.23","4.67M","-1.87%"
"06/22/2019","37.96","38.64","39.54","37.45","5.41M","-1.79%"
"06/21/2019","38.65","36.78","38.82","36.24","5.41M","5.08%"
"06/20/2019","36.78","35.11","36.92","34.34","9.54M","4.73%"
"06/19/2019","35.12","34.50","35.63","34.33","8.71M","1.79%"
"06/18/2019","34.50","33.78","35.05","33.69","8.08M","2.15%"
"06/17/2019","33.78","32.19","34.30","32.19","7.32M","4.91%"
"06/16/2019","32.20","32.71","33.21","31.78","4.30M","-1.56%"
"06/15/2019","32.71","32.42","33.91","31.73","5.37M","0.89%"
"06/14/2019","32.42","35.20","35.25","29.93","7.61M","-7.90%"
"06/13/2019","35.20","34.85","36.25","34.18","6.02M","1.03%"
"06/12/2019","34.84","31.88","34.96","31.79","6.40M","9.28%"
"06/11/2019","31.89","31.99","32.02","31.00","4.84M","-0.32%"
"06/10/2019","31.99","30.15","32.00","29.75","6.26M","6.09%"
"06/09/2019","30.15","31.70","31.84","29.77","2.53M","-4.90%"
"06/08/2019","31.70","31.43","32.29","31.13","3.23M","0.88%"
"06/07/2019","31.43","31.16","31.96","30.95","2.76M","0.88%"
"06/06/2019","31.15","30.85","31.99","29.75","2.99M","0.99%"
"06/05/2019","30.85","29.20","31.18","29.01","3.35M","5.66%"
"06/04/2019","29.20","30.87","31.45","28.73","2.88M","-5.41%"
"06/03/2019","30.87","33.16","33.16","30.51","2.85M","-6.91%"
"06/02/2019","33.16","33.30","33.75","32.69","3.13M","-0.43%"
"06/01/2019","33.30","32.92","34.32","32.53","3.65M","1.13%"
"05/31/2019","32.93","31.63","32.96","30.61","3.63M","4.11%"
"05/30/2019","31.63","33.62","34.95","30.38","3.80M","-5.90%"
"05/29/2019","33.62","33.12","33.87","30.93","3.64M","1.50%"
"05/28/2019","33.12","33.46","34.49","32.50","3.59M","-1.02%"
"05/27/2019","33.46","33.27","35.08","32.76","3.94M","0.58%"
"05/26/2019","33.27","35.07","35.07","32.37","3.85M","-5.27%"
"05/25/2019","35.12","34.10","35.47","33.65","4.18M","2.97%"
"05/24/2019","34.10","31.42","34.70","31.21","4.53M","8.53%"
"05/23/2019","31.42","30.67","32.23","30.20","3.79M","1.20%"
"05/22/2019","31.05","32.41","32.41","30.69","3.80M","-4.20%"
"05/21/2019","32.41","29.27","32.70","28.06","4.71M","10.75%"
"05/20/2019","29.27","29.17","29.30","27.60","3.98M","0.33%"
"05/19/2019","29.17","28.87","29.84","27.62","4.44M","1.05%"
"05/18/2019","28.87","25.80","29.10","25.13","4.32M","11.89%"
"05/17/2019","25.80","26.29","26.65","23.40","3.43M","-1.87%"
"05/16/2019","26.29","26.82","27.74","25.08","4.20M","-1.98%"
"05/15/2019","26.82","23.64","27.40","23.46","3.43M","13.45%"
"05/14/2019","23.64","23.50","24.49","22.62","3.82M","0.60%"
"05/13/2019","23.50","20.96","23.99","20.74","4.57M","12.13%"
"05/12/2019","20.96","20.85","21.49","20.13","3.23M","0.53%"
"05/11/2019","20.85","19.62","22.00","18.89","3.75M","6.25%"
"05/10/2019","19.62","18.85","19.99","18.33","2.43M","4.24%"
"05/09/2019","18.82","20.67","20.96","18.58","2.33M","-8.92%"
"05/08/2019","20.67","20.66","21.40","19.60","2.74M","0.03%"
"05/07/2019","20.66","22.19","22.45","20.30","1.81M","-6.86%"
"05/06/2019","22.18","22.98","22.99","21.47","1.77M","-3.49%"
"05/05/2019","22.98","22.90","23.17","22.66","1.79M","0.39%"
"05/04/2019","22.90","23.70","23.79","22.31","1.90M","-3.41%"
"05/03/2019","23.70","23.61","23.97","23.02","2.23M","0.40%"
"05/02/2019","23.61","21.88","24.09","21.75","2.44M","7.91%"
"05/01/2019","21.88","22.04","22.10","21.48","2.07M","-0.74%"
"04/30/2019","22.04","21.67","22.30","21.34","2.20M","1.71%"
"04/29/2019","21.67","23.01","23.08","21.34","2.39M","-5.82%"
"04/28/2019","23.01","22.42","23.21","22.42","3.02M","2.64%"
"04/27/2019","22.42","23.06","23.12","22.39","2.99M","-2.76%"
"04/26/2019","23.06","22.48","23.78","21.68","3.27M","2.57%"
"04/25/2019","22.48","23.01","23.44","21.61","3.12M","-2.30%"
"04/24/2019","23.01","22.55","23.11","20.97","2.96M","2.04%"
"04/23/2019","22.55","23.78","24.60","22.48","2.88M","-5.19%"
"04/22/2019","23.78","24.03","24.61","23.18","3.01M","-1.03%"
"04/21/2019","24.03","24.89","24.89","22.49","3.31M","-3.44%"
"04/20/2019","24.89","24.32","25.49","23.79","3.54M","2.33%"
"04/19/2019","24.32","21.88","24.70","21.17","4.25M","11.15%"
"04/18/2019","21.88","19.49","21.99","19.43","3.69M","12.26%"
"04/17/2019","19.49","19.64","19.77","19.27","2.00M","-0.78%"
"04/16/2019","19.64","19.27","19.71","18.71","2.24M","1.95%"
"04/15/2019","19.27","19.36","19.78","18.69","2.22M","-0.60%"
"04/14/2019","19.38","18.62","19.90","18.43","2.44M","4.11%"
"04/13/2019","18.62","18.32","18.63","17.95","2.21M","1.61%"
"04/12/2019","18.32","17.53","18.54","16.62","2.33M","4.51%"
"04/11/2019","17.53","18.23","18.23","16.32","1.81M","-3.87%"
"04/10/2019","18.24","18.30","18.61","17.89","2.56M","-0.33%"
"04/09/2019","18.30","17.98","18.54","17.05","2.78M","1.79%"
"04/08/2019","17.98","18.96","19.03","17.80","2.14M","-5.16%"
"04/07/2019","18.96","19.07","19.21","18.82","2.33M","-0.52%"
"04/06/2019","19.06","19.36","19.36","18.84","2.52M","-1.57%"
"04/05/2019","19.36","19.00","19.46","18.88","2.71M","1.93%"
"04/04/2019","19.00","18.51","19.41","18.21","2.94M","2.62%"
"04/03/2019","18.51","19.72","20.00","18.00","3.53M","-6.11%"
"04/02/2019","19.72","17.91","19.88","17.56","3.36M","10.09%"
"04/01/2019","17.91","17.53","18.23","17.34","2.97M","2.15%"
"03/31/2019","17.53","16.97","17.72","16.75","3.18M","3.32%"
"03/30/2019","16.97","16.49","16.97","15.97","2.79M","2.89%"
"03/29/2019","16.49","16.65","16.81","16.38","2.74M","-0.98%"
"03/28/2019","16.65","16.58","16.72","16.41","2.99M","0.44%"
"03/27/2019","16.58","16.20","16.80","15.89","3.24M","2.46%"
"03/26/2019","16.18","16.79","16.79","15.56","2.73M","-3.64%"
"03/25/2019","16.79","17.13","17.34","16.11","2.77M","-1.96%"
"03/24/2019","17.13","15.15","17.45","14.68","5.29M","13.08%"
"03/23/2019","15.15","15.15","15.44","14.96","2.63M","-0.04%"
"03/22/2019","15.15","14.35","15.22","14.23","2.69M","5.60%"
"03/21/2019","14.35","15.13","15.30","13.90","3.02M","-5.16%"
"03/20/2019","15.13","15.51","15.51","15.02","2.37M","-2.42%"
"03/19/2019","15.51","15.54","15.80","15.00","4.27M","-0.21%"
"03/18/2019","15.54","15.62","15.79","15.23","2.48M","-0.51%"
"03/17/2019","15.62","15.96","15.96","15.44","3.10M","-2.09%"
"03/16/2019","15.95","14.94","16.00","14.88","3.29M","6.81%"
"03/15/2019","14.94","14.90","15.19","14.85","2.99M","0.22%"
"03/14/2019","14.90","15.02","15.08","14.57","3.08M","-0.78%"
"03/13/2019","15.02","15.34","15.37","14.94","3.28M","-2.09%"
"03/12/2019","15.34","14.41","15.43","14.18","4.05M","6.48%"
"03/11/2019","14.41","14.37","14.90","14.01","3.76M","0.26%"
"03/10/2019","14.37","14.47","14.51","13.87","3.53M","-0.66%"
"03/09/2019","14.47","14.29","14.92","13.98","4.00M","1.23%"
"03/08/2019","14.29","15.10","15.21","13.58","6.34M","-5.36%"
"03/07/2019","15.10","14.58","15.52","14.35","6.76M","3.59%"
"03/06/2019","14.58","13.65","14.64","12.90","6.16M","6.78%"
"03/05/2019","13.65","11.40","13.74","11.40","8.34M","19.61%"
"03/04/2019","11.41","11.45","11.51","10.88","2.74M","-0.29%"
"03/03/2019","11.45","11.75","11.86","11.20","2.86M","-2.58%"
"03/02/2019","11.75","11.35","11.80","10.83","3.89M","3.56%"
"03/01/2019","11.35","10.27","11.55","10.24","4.02M","10.45%"
"02/28/2019","10.27","9.85","10.49","9.80","3.69M","4.26%"
"02/27/2019","9.85","9.43","10.00","9.35","3.53M","4.50%"
"02/26/2019","9.43","9.70","9.75","9.36","3.12M","-2.72%"
"02/25/2019","9.69","9.92","10.23","9.35","5.35M","-2.38%"
"02/24/2019","9.93","10.73","11.08","9.40","4.80M","-7.43%"
"02/23/2019","10.73","10.76","10.85","10.40","2.88M","-0.30%"
"02/22/2019","10.76","10.47","10.96","10.39","3.04M","2.71%"
"02/21/2019","10.47","10.94","10.94","10.14","3.08M","-4.24%"
"02/20/2019","10.94","10.47","11.27","10.40","4.34M","4.50%"
"02/19/2019","10.47","9.61","11.11","9.50","4.90M","8.95%"
"02/18/2019","9.61","9.22","9.70","9.18","2.81M","4.20%"
"02/17/2019","9.22","9.10","9.22","8.91","2.46M","1.33%"
"02/16/2019","9.10","9.25","9.32","9.06","2.50M","-1.63%"
"02/15/2019","9.25","8.75","9.49","8.73","3.32M","5.73%"
"02/14/2019","8.75","8.92","9.04","8.41","2.80M","-1.92%"
"02/13/2019","8.92","9.28","9.28","8.71","4.00M","-3.85%"
"02/12/2019","9.28","9.53","9.75","8.94","4.94M","-2.63%"
"02/11/2019","9.53","9.17","9.78","9.04","6.04M","4.02%"
"02/10/2019","9.16","8.90","9.29","8.83","5.75M","2.96%"
"02/09/2019","8.90","8.59","8.92","8.44","5.44M","3.58%"
"02/08/2019","8.59","7.81","8.80","7.61","4.96M","9.92%"
"02/07/2019","7.81","8.13","8.47","7.68","4.35M","-3.88%"
"02/06/2019","8.13","7.86","8.48","7.34","5.82M","3.48%"
"02/05/2019","7.86","7.11","7.96","6.96","4.15M","10.54%"
"02/04/2019","7.11","6.79","7.18","6.69","3.31M","4.69%"
"02/03/2019","6.79","6.87","6.90","6.62","3.09M","-1.18%"
"02/02/2019","6.87","6.52","6.90","6.49","3.25M","5.31%"
"02/01/2019","6.52","6.22","6.64","6.12","2.94M","4.87%"
"01/31/2019","6.22","6.13","6.26","5.96","2.27M","1.39%"
"01/30/2019","6.13","6.14","6.20","6.00","2.24M","-0.09%"
"01/29/2019","6.14","6.16","6.26","5.99","2.96M","-0.20%"
"01/28/2019","6.15","7.04","7.14","5.97","4.95M","-12.58%"
"01/27/2019","7.04","6.95","7.20","6.79","2.78M","1.32%"
"01/26/2019","6.95","6.68","6.98","6.62","2.74M","3.99%"
"01/25/2019","6.68","6.46","6.75","6.44","2.58M","3.46%"
"01/24/2019","6.46","6.49","6.49","6.39","1.51M","-0.58%"
"01/23/2019","6.49","6.47","6.52","6.35","1.93M","0.24%"
"01/22/2019","6.48","6.47","6.50","6.26","1.86M","0.09%"
"01/21/2019","6.47","6.40","6.51","6.29","1.85M","1.19%"
"01/20/2019","6.40","6.53","6.63","6.24","1.78M","-2.06%"
"01/19/2019","6.53","6.48","6.64","6.24","2.27M","0.79%"
"01/18/2019","6.48","6.32","6.58","6.22","2.50M","2.51%"
"01/17/2019","6.32","6.09","6.32","5.96","2.31M","3.77%"
"01/16/2019","6.09","5.81","6.18","5.78","2.16M","4.85%"
"01/15/2019","5.81","6.06","6.06","5.68","1.37M","-4.11%"
"01/14/2019","6.06","5.47","6.06","5.46","2.33M","10.78%"
"01/13/2019","5.47","5.86","5.89","5.38","1.42M","-6.71%"
"01/12/2019","5.86","5.96","5.96","5.80","1.75M","-1.63%"
"01/11/2019","5.96","5.84","6.12","5.69","2.56M","2.68%"
"01/10/2019","5.80","6.56","6.57","5.66","3.35M","-11.47%"
"01/09/2019","6.56","6.52","6.85","6.35","4.17M","0.61%"
"01/08/2019","6.52","6.20","6.80","6.14","3.95M","5.08%"
"01/07/2019","6.20","6.26","6.31","6.10","1.68M","-0.98%"
"01/06/2019","6.26","5.97","6.37","5.93","2.51M","4.95%"
"01/05/2019","5.97","5.97","6.10","5.93","1.63M","0.11%"
"01/04/2019","5.96","5.79","5.99","5.75","1.66M","2.86%"
"01/03/2019","5.79","6.05","6.06","5.78","1.53M","-4.19%"
"01/02/2019","6.05","5.99","6.09","5.85","2.13M","0.89%"
"01/01/2019","5.99","6.11","6.12","5.78","1.42M","-1.82%"
"12/31/2018","6.11","5.89","6.24","5.84","2.38M","3.56%"
"12/30/2018","5.89","5.66","5.90","5.56","1.40M","4.34%"
"12/29/2018","5.65","5.88","5.99","5.61","1.23M","-3.87%"
"12/28/2018","5.88","5.17","5.89","5.11","1.50M","13.70%"
"12/27/2018","5.17","5.62","5.65","5.10","1.15M","-7.69%"
"12/26/2018","5.60","5.45","5.68","5.38","1.35M","2.89%"
"12/25/2018","5.44","6.10","6.10","5.32","1.44M","-10.78%"
"12/24/2018","6.10","5.96","6.47","5.93","2.06M","2.37%"
"12/23/2018","5.96","5.83","6.13","5.77","1.88M","2.13%"
"12/22/2018","5.83","5.47","5.88","5.39","1.77M","6.66%"
"12/21/2018","5.47","5.66","5.78","5.32","1.59M","-3.38%"
"12/20/2018","5.66","5.36","5.79","5.24","2.16M","5.65%"
"12/19/2018","5.36","5.54","5.83","5.29","1.80M","-3.20%"
"12/18/2018","5.54","5.05","5.54","4.91","1.91M","9.70%"
"12/17/2018","5.05","4.62","5.12","4.60","1.51M","9.33%"
"12/16/2018","4.62","4.55","4.70","4.51","1.07M","1.50%"
"12/15/2018","4.55","4.52","4.60","4.45","969.29K","0.65%"
"12/14/2018","4.52","4.64","4.75","4.43","946.23K","-2.58%"
"12/13/2018","4.64","4.98","4.99","4.56","1.00M","-6.77%"
"12/12/2018","4.98","4.88","5.14","4.74","1.20M","4.72%"
"12/11/2018","4.75","4.63","4.87","4.50","1.18M","2.67%"
"12/10/2018","4.63","4.77","4.94","4.49","928.56K","-2.90%"
"12/09/2018","4.77","4.63","5.00","4.52","1.51M","3.01%"
"12/08/2018","4.63","4.52","4.80","4.30","1.26M","2.45%"
"12/07/2018","4.52","4.90","4.98","4.13","2.25M","-7.90%"
"12/06/2018","4.90","6.06","6.10","4.90","3.03M","-19.08%"
"12/05/2018","6.06","5.89","6.62","5.73","4.21M","2.83%"
"12/04/2018","5.89","5.13","6.35","5.10","2.24M","14.89%"
"12/03/2018","5.13","5.28","5.29","5.01","674.85K","-2.78%"
"12/02/2018","5.28","5.28","5.43","5.20","852.86K","-0.14%"
"12/01/2018","5.28","5.11","5.39","5.01","924.16K","3.17%"
"11/30/2018","5.12","5.38","5.45","4.95","708.62K","-4.80%"
"11/29/2018","5.38","5.35","5.63","5.14","1.02M","0.57%"
"11/28/2018","5.35","4.99","5.46","4.99","1.14M","7.22%"
"11/27/2018","4.99","5.04","5.04","4.71","702.11K","-1.05%"
"11/26/2018","5.04","5.29","5.40","4.76","852.94K","-4.55%"
"11/25/2018","5.28","5.20","5.37","4.54","1.00M","1.55%"
"11/24/2018","5.20","5.65","5.80","4.79","919.71K","-7.99%"
"11/23/2018","5.65","5.78","5.84","5.48","600.26K","-1.70%"
"11/22/2018","5.75","6.29","6.37","5.75","627.77K","-8.57%"
"11/21/2018","6.29","5.92","6.32","5.65","842.73K","5.86%"
"11/20/2018","5.94","6.70","6.90","5.66","1.63M","-11.38%"
"11/19/2018","6.70","8.08","8.09","6.67","1.05M","-17.05%"
"11/18/2018","8.08","7.85","8.14","7.83","605.11K","2.97%"
"11/17/2018","7.85","8.01","8.02","7.69","752.86K","-2.00%"
"11/16/2018","8.01","8.38","8.38","7.86","902.84K","-4.37%"
"11/15/2018","8.38","8.68","8.73","7.80","821.92K","-3.53%"
"11/14/2018","8.68","9.39","9.42","8.34","671.74K","-7.57%"
"11/13/2018","9.39","9.48","9.59","9.36","658.79K","-0.89%"
"11/12/2018","9.48","9.54","9.59","9.33","724.75K","-0.75%"
"11/11/2018","9.55","9.59","9.62","9.37","753.97K","-0.42%"
"11/10/2018","9.59","9.62","9.68","9.57","782.36K","-0.27%"
"11/09/2018","9.62","9.69","9.75","9.53","737.30K","-0.75%"
"11/08/2018","9.69","9.89","9.92","9.66","797.78K","-2.04%"
"11/07/2018","9.89","9.88","9.98","9.81","867.19K","0.25%"
"11/06/2018","9.86","9.73","9.88","9.67","884.71K","1.35%"
"11/05/2018","9.73","9.82","9.83","9.66","836.65K","-0.87%"
"11/04/2018","9.82","9.59","9.90","9.50","934.58K","2.49%"
"11/03/2018","9.58","9.65","9.71","9.49","814.17K","-0.71%"
"11/02/2018","9.65","9.62","9.72","9.55","849.51K","0.30%"
"11/01/2018","9.62","9.49","9.65","9.44","792.43K","1.36%"
"10/31/2018","9.49","9.45","9.55","9.29","709.70K","0.63%"
"10/30/2018","9.43","9.44","9.54","9.40","718.68K","-0.13%"
"10/29/2018","9.44","9.70","9.73","9.38","786.96K","-2.63%"
"10/28/2018","9.70","9.73","9.76","9.64","841.91K","-0.26%"
"10/27/2018","9.73","9.83","9.83","9.70","851.50K","-1.06%"
"10/26/2018","9.83","9.80","9.91","9.75","1.02M","0.30%"
"10/25/2018","9.80","9.87","9.93","9.75","1.01M","-0.68%"
"10/24/2018","9.87","9.92","9.99","9.86","1.04M","-0.54%"
"10/23/2018","9.92","9.88","10.04","9.82","1.22M","0.41%"
"10/22/2018","9.88","9.92","9.98","9.81","1.04M","-0.41%"
"10/21/2018","9.92","9.91","10.02","9.87","1.20M","0.00%"
"10/20/2018","9.92","9.90","10.00","9.82","1.16M","0.22%"
"10/19/2018","9.90","9.92","9.98","9.83","1.11M","-0.22%"
"10/18/2018","9.92","10.23","10.27","9.81","1.26M","-3.05%"
"10/17/2018","10.23","10.27","10.35","10.10","1.40M","-0.35%"
"10/16/2018","10.27","10.55","10.56","10.11","1.28M","-2.78%"
"10/15/2018","10.56","9.59","10.98","9.52","2.34M","10.16%"
"10/14/2018","9.59","9.68","9.78","9.53","963.46K","-0.95%"
"10/13/2018","9.68","9.55","9.73","9.54","1.06M","1.00%"
"10/12/2018","9.59","9.36","9.75","9.25","1.04M","2.51%"
"10/11/2018","9.35","10.40","10.40","9.23","1.02M","-10.06%"
"10/10/2018","10.40","10.42","10.44","10.25","1.03M","-0.25%"
"10/09/2018","10.42","10.57","10.63","10.28","1.06M","-1.40%"
"10/08/2018","10.57","10.59","10.69","10.50","1.24M","-0.14%"
"10/07/2018","10.59","10.41","10.60","10.27","1.29M","1.70%"
"10/06/2018","10.41","10.68","10.75","10.33","1.22M","-2.51%"
"10/05/2018","10.68","10.30","10.77","10.23","1.63M","4.06%"
"10/04/2018","10.26","10.28","10.44","10.21","1.40M","-0.22%"
"10/03/2018","10.28","10.31","10.49","10.02","1.52M","-0.27%"
"10/02/2018","10.31","9.98","10.68","9.86","1.65M","3.40%"
"10/01/2018","9.97","10.02","10.08","9.85","949.17K","-0.51%"
"09/30/2018","10.02","10.01","10.06","9.82","1.01M","0.22%"
"09/29/2018","10.00","9.96","10.07","9.73","1.03M","0.40%"
"09/28/2018","9.96","10.06","10.28","9.81","1.02M","-1.02%"
"09/27/2018","10.06","9.71","10.10","9.64","1.10M","3.65%"
"09/26/2018","9.71","9.82","9.94","9.55","665.88K","-1.16%"
"09/25/2018","9.82","10.04","10.04","9.37","669.50K","-2.21%"
"09/24/2018","10.04","10.29","10.36","9.91","716.92K","-2.41%"
"09/23/2018","10.29","10.25","10.43","10.12","863.61K","0.37%"
"09/22/2018","10.25","10.46","10.60","10.02","855.61K","-2.00%"
"09/21/2018","10.46","10.01","10.48","9.95","1.44M","4.47%"
"09/20/2018","10.01","9.61","10.08","9.58","1.12M","4.19%"
"09/19/2018","9.61","9.52","9.79","9.23","981.11K","1.00%"
"09/18/2018","9.52","9.36","9.65","9.22","892.23K","1.66%"
"09/17/2018","9.36","9.94","10.03","9.26","862.34K","-5.82%"
"09/16/2018","9.94","10.06","10.13","9.70","796.12K","-1.21%"
"09/15/2018","10.06","9.90","10.22","9.88","1.11M","1.70%"
"09/14/2018","9.89","9.56","10.09","9.50","1.07M","3.47%"
"09/13/2018","9.56","9.21","9.71","9.20","1.02M","3.84%"
"09/12/2018","9.21","9.36","9.48","9.01","719.29K","-1.67%"
"09/11/2018","9.36","9.52","9.60","9.11","775.04K","-1.59%"
"09/10/2018","9.52","9.51","9.74","9.29","411.19K","0.11%"
"09/09/2018","9.51","9.52","9.76","9.15","575.56K","-0.18%"
"09/08/2018","9.52","9.94","10.14","9.28","590.91K","-4.20%"
"09/07/2018","9.94","10.29","10.30","9.65","545.66K","-3.36%"
"09/06/2018","10.29","9.97","10.33","9.54","861.36K","3.22%"
"09/05/2018","9.97","11.44","11.57","9.92","1.18M","-12.89%"
"09/04/2018","11.44","11.31","11.45","11.22","632.54K","1.14%"
"09/03/2018","11.31","11.37","11.46","11.10","640.54K","-0.20%"
"09/02/2018","11.33","11.48","11.50","11.08","705.60K","-1.27%"
"09/01/2018","11.48","10.99","11.57","10.97","1.05M","4.56%"
"08/31/2018","10.98","10.77","10.99","10.56","823.12K","1.90%"
"08/30/2018","10.77","11.17","11.19","10.35","754.61K","-3.51%"
"08/29/2018","11.17","11.49","11.49","10.71","1.15M","-2.83%"
"08/28/2018","11.49","11.17","11.53","10.77","1.55M","2.88%"
"08/27/2018","11.17","10.22","11.31","10.10","1.52M","9.28%"
"08/26/2018","10.22","10.10","10.25","9.73","744.03K","1.20%"
"08/25/2018","10.10","10.20","10.28","9.94","680.30K","-1.03%"
"08/24/2018","10.20","9.76","10.22","9.55","780.04K","4.55%"
"08/23/2018","9.76","9.59","9.76","9.36","656.28K","2.57%"
"08/22/2018","9.52","9.74","10.24","9.19","930.43K","-2.27%"
"08/21/2018","9.74","9.64","9.84","9.36","467.53K","1.00%"
"08/20/2018","9.64","10.14","10.21","9.56","675.69K","-4.92%"
"08/19/2018","10.14","9.88","10.30","9.66","899.11K","2.64%"
"08/18/2018","9.88","10.88","10.97","9.45","1.13M","-9.19%"
"08/17/2018","10.88","9.78","10.88","9.71","1.34M","11.25%"
"08/16/2018","9.78","9.54","9.99","9.35","1.01M","2.52%"
"08/15/2018","9.54","9.40","10.63","9.34","2.06M","1.15%"
"08/14/2018","9.43","10.26","10.28","8.54","1.78M","-8.07%"
"08/13/2018","10.26","11.77","11.86","10.11","1.26M","-12.83%"
"08/12/2018","11.77","11.67","11.84","11.36","827.24K","0.83%"
"08/11/2018","11.67","12.15","12.15","11.31","951.81K","-3.95%"
"08/10/2018","12.15","12.77","12.77","11.71","1.32M","-5.00%"
"08/09/2018","12.79","12.15","12.86","12.04","1.40M","5.27%"
"08/08/2018","12.15","13.15","13.15","11.96","1.48M","-7.60%"
"08/07/2018","13.15","13.69","13.85","13.08","1.14M","-3.95%"
"08/06/2018","13.69","13.64","13.96","13.47","1.40M","0.40%"
"08/05/2018","13.64","13.85","13.90","13.24","1.18M","-1.55%"
"08/04/2018","13.85","14.13","14.47","13.56","1.67M","-1.95%"
"08/03/2018","14.13","14.16","14.16","13.55","1.72M","-0.25%"
"08/02/2018","14.16","13.65","14.20","13.36","1.22M","3.75%"
"08/01/2018","13.65","13.80","14.09","13.21","1.44M","-1.11%"
"07/31/2018","13.80","13.17","14.08","13.00","1.91M","4.41%"
"07/30/2018","13.22","13.95","13.97","13.01","1.21M","-5.27%"
"07/29/2018","13.95","14.66","14.75","13.67","1.63M","-4.79%"
"07/28/2018","14.66","13.99","14.88","13.72","2.19M","4.75%"
"07/27/2018","13.99","13.34","14.08","13.04","1.87M","4.88%"
"07/26/2018","13.34","13.00","13.62","12.93","2.05M","2.62%"
"07/25/2018","13.00","12.16","13.51","12.12","2.39M","6.91%"
"07/24/2018","12.16","12.03","12.29","11.64","1.47M","1.03%"
"07/23/2018","12.03","12.14","12.39","11.90","846.36K","-0.90%"
"07/22/2018","12.14","12.18","12.33","11.95","720.19K","-0.33%"
"07/21/2018","12.18","12.08","12.49","11.85","962.91K","0.89%"
"07/20/2018","12.08","12.96","13.00","11.82","1.50M","-6.80%"
"07/19/2018","12.96","12.87","13.38","12.73","1.66M","0.71%"
"07/18/2018","12.87","13.72","13.88","12.67","2.50M","-6.23%"
"07/17/2018","13.72","13.38","13.90","12.83","2.44M","2.56%"
"07/16/2018","13.38","12.30","13.42","12.18","1.69M","8.80%"
"07/15/2018","12.30","12.09","12.40","11.97","974.98K","1.76%"
"07/14/2018","12.09","12.19","12.28","11.93","705.87K","-0.82%"
"07/13/2018","12.19","12.13","12.42","11.98","1.10M","0.55%"
"07/12/2018","12.12","12.68","12.77","11.81","1.06M","-4.40%"
"07/11/2018","12.68","12.77","12.82","12.17","1.67M","-0.75%"
"07/10/2018","12.77","13.54","13.55","12.64","1.27M","-5.18%"
"07/09/2018","13.47","14.01","14.04","13.47","1.07M","-3.67%"
"07/08/2018","13.98","14.15","14.18","13.86","1.79M","-1.06%"
"07/07/2018","14.13","13.44","14.28","13.31","2.50M","5.23%"
"07/06/2018","13.43","13.76","13.81","13.15","960.65K","-2.40%"
"07/05/2018","13.76","14.02","14.09","13.43","1.17M","-1.82%"
"07/04/2018","14.02","14.15","14.25","13.85","1.08M","-0.93%"
"07/03/2018","14.15","14.60","14.81","14.02","1.78M","-3.10%"
"07/02/2018","14.60","14.39","14.75","14.02","1.90M","1.62%"
"07/01/2018","14.37","14.67","14.74","14.10","1.21M","-2.50%"
"06/30/2018","14.74","14.49","15.15","14.30","2.16M","1.59%"
"06/29/2018","14.50","14.19","14.69","13.75","1.80M","2.62%"
"06/28/2018","14.13","14.07","14.90","13.81","2.39M","0.38%"
"06/27/2018","14.08","14.06","14.31","13.85","1.53M","0.16%"
"06/26/2018","14.06","14.92","15.01","13.84","1.40M","-5.64%"
"06/25/2018","14.90","14.42","15.15","13.76","2.27M","3.50%"
"06/24/2018","14.39","15.58","15.72","13.36","3.87M","-7.58%"
"06/23/2018","15.58","15.56","16.03","15.32","2.10M","0.09%"
"06/22/2018","15.56","17.06","17.25","15.18","3.36M","-8.85%"
"06/21/2018","17.07","16.08","17.38","15.88","3.56M","6.32%"
"06/20/2018","16.06","16.74","16.85","15.61","1.95M","-4.07%"
"06/19/2018","16.74","16.79","16.94","16.13","2.12M","-0.57%"
"06/18/2018","16.84","16.60","17.17","16.16","2.85M","1.89%"
"06/17/2018","16.52","15.76","17.19","15.71","3.24M","4.85%"
"06/16/2018","15.76","14.92","15.96","14.85","2.45M","5.14%"
"06/15/2018","14.99","14.88","15.63","14.63","2.57M","1.19%"
"06/14/2018","14.81","14.56","15.20","14.06","2.69M","1.60%"
"06/13/2018","14.58","15.20","15.80","13.71","3.15M","-4.46%"
"06/12/2018","15.26","15.48","16.15","14.92","3.48M","-1.35%"
"06/11/2018","15.47","14.17","15.48","13.71","2.47M","9.29%"
"06/10/2018","14.15","16.02","16.02","13.40","2.58M","-11.70%"
"06/09/2018","16.03","16.30","16.90","15.89","2.34M","-1.23%"
"06/08/2018","16.23","16.32","16.65","15.75","2.53M","-0.15%"
"06/07/2018","16.25","17.27","17.44","16.15","3.25M","-5.88%"
"06/06/2018","17.27","15.60","17.40","15.32","3.87M","10.73%"
"06/05/2018","15.60","14.26","15.70","14.15","2.61M","9.35%"
"06/04/2018","14.26","14.70","14.73","13.62","1.58M","-2.85%"
"06/03/2018","14.68","14.68","15.03","14.30","2.24M","0.00%"
"06/02/2018","14.68","14.25","14.88","14.00","2.36M","3.01%"
"06/01/2018","14.25","14.20","14.45","13.76","2.32M","0.25%"
"05/31/2018","14.22","12.59","14.25","12.40","2.73M","12.66%"
"05/30/2018","12.62","12.59","12.79","12.18","1.30M","0.08%"
"05/29/2018","12.61","11.90","12.69","11.69","1.47M","6.01%"
"05/28/2018","11.89","12.60","12.75","11.63","938.95K","-5.65%"
"05/27/2018","12.60","12.79","12.80","12.29","1.07M","-0.99%"
"05/26/2018","12.73","13.04","13.26","12.69","1.21M","-1.97%"
"05/25/2018","12.99","13.04","13.38","12.58","1.32M","-0.30%"
"05/24/2018","13.02","12.54","13.19","12.10","1.57M","4.47%"
"05/23/2018","12.47","13.85","13.93","12.24","2.22M","-10.18%"
"05/22/2018","13.88","14.67","14.84","13.71","2.36M","-5.40%"
"05/21/2018","14.67","14.17","14.80","14.08","2.55M","3.57%"
"05/20/2018","14.17","14.33","14.39","13.69","2.41M","-1.13%"
"05/19/2018","14.33","15.11","15.65","13.95","3.39M","-5.16%"
"05/18/2018","15.11","12.37","16.23","12.01","5.63M","22.18%"
"05/17/2018","12.37","12.33","12.95","12.22","1.71M","0.61%"
"05/16/2018","12.29","12.53","12.57","11.88","1.07M","-1.79%"
"05/15/2018","12.51","12.88","13.33","12.47","1.29M","-2.41%"
"05/14/2018","12.82","13.15","13.20","12.29","1.55M","-2.46%"
"05/13/2018","13.15","13.03","13.57","12.65","1.88M","1.65%"
"05/12/2018","12.93","12.98","13.18","12.15","1.28M","-0.05%"
"05/11/2018","12.94","13.79","14.13","12.53","1.57M","-6.06%"
"05/10/2018","13.78","14.65","15.04","13.75","1.66M","-5.94%"
"05/09/2018","14.65","13.50","14.80","13.03","2.60M","8.50%"
"05/08/2018","13.50","13.77","13.82","13.10","1.44M","-2.04%"
"05/07/2018","13.78","14.01","14.05","12.93","1.53M","-1.66%"
"05/06/2018","14.01","14.44","14.94","13.64","2.10M","-2.92%"
"05/05/2018","14.43","14.36","14.57","14.21","1.88M","0.58%"
"05/04/2018","14.35","14.64","14.73","14.25","1.88M","-1.98%"
"05/03/2018","14.64","14.43","14.84","14.19","2.50M","1.49%"
"05/02/2018","14.43","14.17","14.44","13.90","2.10M","1.89%"
"05/01/2018","14.16","14.32","14.33","13.50","1.99M","-1.13%"
"04/30/2018","14.32","15.05","15.15","14.05","2.06M","-5.02%"
"04/29/2018","15.07","15.20","15.43","14.53","2.83M","-0.80%"
"04/28/2018","15.20","14.29","15.36","14.18","3.78M","6.31%"
"04/27/2018","14.29","14.63","14.78","14.13","2.89M","-2.30%"
"04/26/2018","14.63","13.36","14.74","13.20","4.22M","9.49%"
"04/25/2018","13.36","15.12","15.90","12.95","5.20M","-11.63%"
"04/24/2018","15.12","13.64","15.67","13.62","4.77M","10.84%"
"04/23/2018","13.64","12.87","13.86","12.82","4.45M","5.98%"
"04/22/2018","12.87","13.35","13.40","12.80","2.56M","-3.55%"
"04/21/2018","13.35","12.57","13.74","12.39","4.56M","6.15%"
"04/20/2018","12.57","12.35","12.72","11.89","2.74M","1.81%"
"04/19/2018","12.35","12.30","12.43","12.05","2.40M","0.45%"
"04/18/2018","12.30","11.74","12.44","11.51","2.74M","4.68%"
"04/17/2018","11.74","12.23","12.48","11.67","2.44M","-3.96%"
"04/16/2018","12.23","13.10","13.10","12.01","2.71M","-6.63%"
"04/15/2018","13.10","13.27","13.62","12.90","3.85M","-1.25%"
"04/14/2018","13.27","13.52","13.88","12.93","3.52M","-1.69%"
"04/13/2018","13.49","12.97","13.80","12.72","5.34M","4.03%"
"04/12/2018","12.97","12.30","13.02","11.85","4.90M","5.46%"
"04/11/2018","12.30","12.08","12.30","11.77","3.39M","1.79%"
"04/10/2018","12.08","11.89","12.43","11.81","3.45M","1.69%"
"04/09/2018","11.88","12.12","12.55","11.52","3.01M","-1.99%"
"04/08/2018","12.12","12.50","12.52","12.11","3.09M","-3.00%"
"04/07/2018","12.50","12.26","12.65","12.22","3.26M","1.97%"
"04/06/2018","12.26","12.49","12.65","12.01","3.15M","-1.84%"
"04/05/2018","12.49","12.21","12.64","12.10","4.29M","2.28%"
"04/04/2018","12.21","13.31","13.45","12.00","5.11M","-8.23%"
"04/03/2018","13.31","12.60","13.96","12.22","5.15M","5.60%"
"04/02/2018","12.60","11.11","12.66","10.98","4.51M","13.51%"
"04/01/2018","11.10","11.05","11.31","10.32","4.10M","0.50%"
"03/31/2018","11.04","10.42","11.47","10.25","4.18M","6.46%"
"03/30/2018","10.37","10.19","10.85","9.71","3.79M","1.86%"
"03/29/2018","10.19","11.67","11.75","10.12","3.60M","-12.69%"
"03/28/2018","11.67","11.53","12.23","11.32","3.22M","1.48%"
"03/27/2018","11.50","11.97","12.22","10.83","4.08M","-3.98%"
"03/26/2018","11.97","12.97","13.01","10.82","5.49M","-7.70%"
"03/25/2018","12.97","13.17","14.25","12.49","6.18M","-1.54%"
"03/24/2018","13.17","11.75","14.93","11.54","8.44M","11.75%"
"03/23/2018","11.79","10.07","11.97","9.50","5.52M","17.04%"
"03/22/2018","10.07","9.97","10.93","9.49","4.70M","1.32%"
"03/21/2018","9.94","9.18","10.33","9.06","4.96M","8.28%"
"03/20/2018","9.18","9.03","9.26","8.60","3.93M","1.93%"
"03/19/2018","9.01","8.94","9.30","8.45","3.91M","0.75%"
"03/18/2018","8.94","8.92","8.98","7.80","3.95M","0.00%"
"03/17/2018","8.94","9.08","9.47","8.64","3.96M","-1.54%"
"03/16/2018","9.08","9.12","9.38","8.56","4.04M","-0.44%"
"03/15/2018","9.12","8.91","9.42","8.31","4.27M","2.31%"
"03/14/2018","8.91","10.15","10.67","8.50","5.16M","-12.20%"
"03/13/2018","10.15","8.03","10.97","7.83","7.22M","26.46%"
"03/12/2018","8.03","8.25","8.50","7.68","2.53M","-2.88%"
"03/11/2018","8.27","7.65","8.42","7.33","2.66M","8.06%"
"03/10/2018","7.65","8.28","8.34","7.57","2.21M","-8.12%"
"03/09/2018","8.33","8.26","8.33","7.07","1.95M","0.85%"
"03/08/2018","8.26","9.01","9.14","8.02","1.88M","-8.39%"
"03/07/2018","9.01","9.39","10.21","8.13","2.93M","-4.01%"
"03/06/2018","9.39","10.09","10.13","9.11","940.57K","-6.98%"
"03/05/2018","10.09","10.39","10.45","10.09","470.75K","-2.91%"
"03/04/2018","10.39","10.24","10.40","9.86","592.20K","1.51%"
"03/03/2018","10.24","10.23","10.46","10.12","635.35K","0.07%"
"03/02/2018","10.23","10.50","10.56","10.11","710.33K","-2.52%"
"03/01/2018","10.50","10.46","10.68","10.33","1.23M","0.38%"
"02/28/2018","10.46","10.56","11.17","10.35","1.61M","-1.02%"
"02/27/2018","10.56","9.92","11.11","9.79","2.38M","6.50%"
"02/26/2018","9.92","9.34","10.10","9.09","1.27M","6.21%"
"02/25/2018","9.34","9.09","9.47","8.90","885.07K","2.78%"
"02/24/2018","9.09","9.69","9.84","8.70","1.36M","-6.32%"
"02/23/2018","9.70","8.86","9.73","8.62","1.62M","9.48%"
"02/22/2018","8.86","9.40","9.80","8.63","1.79M","-5.44%"
"02/21/2018","9.37","9.89","10.20","9.05","2.28M","-5.26%"
"02/20/2018","9.89","11.06","11.20","9.70","2.36M","-10.58%"
"02/19/2018","11.06","10.64","11.19","10.54","1.34M","3.92%"
"02/18/2018","10.64","11.68","11.68","10.58","2.18M","-8.75%"
"02/17/2018","11.66","11.20","11.85","10.90","2.29M","4.14%"
"02/16/2018","11.20","10.87","11.20","10.30","1.96M","3.07%"
"02/15/2018","10.87","10.38","11.29","10.05","4.24M","4.89%"
"02/14/2018","10.36","9.02","10.65","8.96","2.57M","15.18%"
"02/13/2018","8.99","9.34","9.35","8.74","1.37M","-3.70%"
"02/12/2018","9.34","8.67","9.43","8.67","1.91M","7.73%"
"02/11/2018","8.67","9.24","9.39","8.03","3.02M","-6.17%"
"02/10/2018","9.24","9.86","10.35","8.77","3.35M","11.60%"
"02/09/2018","8.28","8.28","8.28","8.28","","0.00%"
"02/08/2018","8.28","8.11","8.38","8.04","4.41M","2.11%"
"02/07/2018","8.11","8.26","9.23","7.32","4.41M","-1.66%"
"02/06/2018","8.25","6.73","8.60","5.52","6.16M","23.07%"
"02/05/2018","6.70","8.40","8.56","6.08","3.13M","-20.25%"
"02/04/2018","8.40","9.73","9.75","8.04","2.02M","-13.87%"
"02/03/2018","9.75","9.75","10.32","8.58","2.35M","0.00%"
"02/02/2018","9.75","9.51","10.70","7.31","4.02M","2.47%"
"02/01/2018","9.51","11.31","11.45","8.66","2.17M","-15.90%"
"01/31/2018","11.31","11.47","11.50","10.55","947.12K","-1.41%"
"01/30/2018","11.47","12.81","12.84","11.11","1.32M","-10.46%"
"01/29/2018","12.81","13.77","13.87","12.74","857.95K","-6.96%"
"01/28/2018","13.77","13.40","14.01","13.30","1.38M","2.79%"
"01/27/2018","13.40","13.13","13.55","12.85","992.88K","1.75%"
"01/26/2018","13.17","13.19","13.60","12.01","1.79M","-0.16%"
"01/25/2018","13.19","13.80","14.15","13.01","1.43M","-4.18%"
"01/24/2018","13.77","13.10","14.29","12.60","1.95M","5.07%"
"01/23/2018","13.10","12.90","13.88","11.64","2.34M","1.57%"
"01/22/2018","12.90","14.16","14.48","11.66","2.88M","-8.73%"
"01/21/2018","14.13","16.20","16.26","13.05","3.32M","-12.24%"
"01/20/2018","16.11","14.95","16.65","14.82","2.62M","7.88%"
"01/19/2018","14.93","14.02","15.48","13.50","3.00M","5.59%"
"01/18/2018","14.14","14.30","15.90","13.10","6.70M","0.25%"
"01/17/2018","14.10","13.01","15.66","9.40","9.97M","8.50%"
"01/16/2018","13.00","19.44","19.44","10.00","9.93M","-33.12%"
"01/15/2018","19.44","20.42","23.23","19.05","2.29M","-4.96%"
"01/14/2018","20.45","22.10","22.10","18.27","1.38M","-7.41%"
"01/13/2018","22.09","22.37","23.50","21.10","1.08M","0.17%"
"01/12/2018","22.05","20.72","24.64","19.28","2.92M","3.38%"
"01/11/2018","21.33","17.50","23.00","13.90","3.54M","22.04%"
"01/10/2018","17.48","17.40","17.56","14.60","1.13M","0.46%"
"01/09/2018","17.40","18.00","20.61","16.43","1.26M","-3.33%"
"01/08/2018","18.00","18.59","19.30","14.00","2.00M","-3.17%"
"01/07/2018","18.59","22.60","22.66","18.05","1.38M","-17.74%"
"01/06/2018","22.60","14.89","23.60","14.70","2.66M","51.88%"
"01/05/2018","14.88","9.14","16.82","8.97","2.60M","62.80%"
"01/04/2018","9.14","9.30","9.46","8.56","918.41K","-1.72%"
"01/03/2018","9.30","8.72","9.47","8.27","926.41K","6.65%"
"01/02/2018","8.72","8.45","9.11","8.09","1.23M","3.20%"
"01/01/2018","8.45","8.53","8.70","7.80","642.51K","-0.94%"
"12/31/2017","8.53","7.59","8.80","7.52","1.26M","12.38%"
"12/30/2017","7.59","8.71","8.71","6.93","1.61M","-12.86%"
"12/29/2017","8.71","9.25","9.80","8.39","1.37M","-5.84%"
"12/28/2017","9.25","10.07","10.25","7.80","2.52M","-8.14%"
"12/27/2017","10.07","9.25","11.30","8.26","2.73M","8.86%"
"12/26/2017","9.25","6.46","10.79","6.35","2.97M","43.19%"
"12/25/2017","6.46","5.18","6.88","5.03","1.44M","24.71%"
"12/24/2017","5.18","4.40","5.20","3.80","1.03M","17.73%"
"12/23/2017","4.40","4.29","5.00","4.17","945.70K","2.56%"
"12/22/2017","4.29","5.16","5.20","3.25","1.57M","-16.86%"
"12/21/2017","5.16","5.15","5.69","4.42","984.45K","0.19%"
"12/20/2017","5.15","5.70","5.70","4.68","1.38M","-9.65%"
"12/19/2017","5.70","6.00","6.46","5.27","1.74M","-5.00%"
"12/18/2017","6.00","6.00","6.10","4.75","1.41M","0.00%"
"12/17/2017","6.00","4.64","6.70","4.60","1.52M","29.31%"
"12/16/2017","4.64","4.12","4.72","3.82","767.29K","12.62%"
"12/15/2017","4.12","3.15","4.40","2.99","896.22K","30.79%"
"12/14/2017","3.15","2.72","3.15","2.63","871.68K","15.81%"
"12/13/2017","2.72","2.55","2.74","2.27","669.43K","6.67%"
"12/12/2017","2.55","2.69","2.74","2.45","534.10K","-5.20%"
"12/11/2017","2.69","2.46","2.78","2.45","378.45K","9.35%"
"12/10/2017","2.46","2.65","2.66","2.13","548.97K","-7.17%"
"12/09/2017","2.65","2.79","2.81","2.18","470.09K","-5.02%"
"12/08/2017","2.79","2.66","2.80","2.21","641.80K","4.89%"
"12/07/2017","2.66","2.51","2.84","2.40","520.77K","5.98%"
"12/06/2017","2.51","2.61","2.80","2.33","369.57K","-3.83%"
"12/05/2017","2.61","2.55","2.75","2.50","418.31K","2.35%"
"12/04/2017","2.55","2.26","2.59","2.26","369.61K","12.83%"
"12/03/2017","2.26","2.08","2.40","2.04","341.64K","8.65%"
"12/02/2017","2.08","2.05","2.12","1.98","240.59K","1.46%"
"12/01/2017","2.05","1.95","2.14","1.88","308.39K","5.13%"
"11/30/2017","1.95","1.76","2.04","1.71","736.32K","10.80%"
"11/29/2017","1.76","1.92","2.05","1.55","901.09K","-8.33%"
"11/28/2017","1.92","1.95","1.95","1.80","357.69K","-1.54%"
"11/27/2017","1.95","1.84","1.95","1.74","472.12K","5.98%"
"11/26/2017","1.84","1.87","1.91","1.76","192.60K","-1.60%"
"11/25/2017","1.87","1.73","1.96","1.68","462.64K","8.09%"
"11/24/2017","1.73","1.57","1.82","1.54","631.81K","10.19%"
"11/23/2017","1.57","1.62","1.62","1.54","178.86K","-3.09%"
"11/22/2017","1.62","1.59","1.62","1.56","179.15K","1.89%"
"11/21/2017","1.59","1.64","1.64","1.54","404.20K","-3.05%"
"11/20/2017","1.64","1.60","1.65","1.56","158.70K","2.50%"
"11/19/2017","1.60","1.67","1.69","1.58","172.57K","-4.19%"
"11/18/2017","1.67","1.50","1.67","1.49","168.62K","11.33%"
"11/17/2017","1.50","1.56","1.58","1.49","419.40K","-3.85%"
"11/16/2017","1.56","1.55","1.67","1.51","193.73K","0.65%"
"11/15/2017","1.55","1.59","1.68","1.49","291.61K","-2.52%"
"11/14/2017","1.59","1.68","1.74","1.53","173.13K","-5.36%"
"11/13/2017","1.68","1.49","1.74","1.49","166.01K","12.75%"
"11/12/2017","1.49","1.66","1.70","1.34","456.48K","-10.24%"
"11/11/2017","1.66","1.71","1.93","1.58","256.71K","-2.92%"
"11/10/2017","1.71","1.99","2.02","1.60","483.23K","-14.07%"
"11/09/2017","1.99","1.99","2.20","1.90","283.35K","0.00%"